-- phpMyAdmin SQL Dump
-- version 4.5.1
-- http://www.phpmyadmin.net
--
-- Host: 127.0.0.1
-- Generation Time: Jan 30, 2018 at 11:52 AM
-- Server version: 10.1.16-MariaDB
-- PHP Version: 7.0.9

SET SQL_MODE = "NO_AUTO_VALUE_ON_ZERO";
SET time_zone = "+00:00";


/*!40101 SET @OLD_CHARACTER_SET_CLIENT=@@CHARACTER_SET_CLIENT */;
/*!40101 SET @OLD_CHARACTER_SET_RESULTS=@@CHARACTER_SET_RESULTS */;
/*!40101 SET @OLD_COLLATION_CONNECTION=@@COLLATION_CONNECTION */;
/*!40101 SET NAMES utf8mb4 */;

--
-- Database: `dcs_new`
--

-- --------------------------------------------------------

--
-- Table structure for table `42016attd`
--

CREATE TABLE `42016attd` (
  `month_id` int(11) NOT NULL,
  `subject_id` int(11) NOT NULL,
  `student_id` int(11) NOT NULL,
  `total_lectures` int(11) NOT NULL,
  `present` int(11) NOT NULL
) ENGINE=InnoDB DEFAULT CHARSET=latin1;

--
-- Dumping data for table `42016attd`
--

INSERT INTO `42016attd` (`month_id`, `subject_id`, `student_id`, `total_lectures`, `present`) VALUES
(2, 127, 309, 5, 1),
(2, 127, 310, 5, 0),
(2, 127, 311, 5, 0),
(2, 127, 312, 5, 0),
(2, 127, 313, 5, 0),
(2, 127, 314, 5, 0),
(2, 127, 315, 5, 0),
(2, 127, 316, 5, 0),
(2, 127, 317, 5, 0),
(2, 127, 318, 5, 0),
(2, 127, 319, 5, 0),
(2, 127, 320, 5, 0),
(2, 127, 321, 5, 0),
(2, 127, 323, 5, 0),
(2, 127, 324, 5, 0),
(2, 127, 325, 5, 0),
(2, 127, 326, 5, 0),
(2, 127, 327, 5, 0),
(2, 127, 328, 5, 0),
(2, 127, 329, 5, 0),
(2, 127, 330, 5, 0),
(2, 127, 331, 5, 0),
(2, 127, 332, 5, 0),
(2, 127, 333, 5, 0),
(2, 127, 334, 5, 0),
(2, 127, 335, 5, 0),
(2, 127, 336, 5, 0),
(2, 127, 337, 5, 0),
(2, 127, 338, 5, 0),
(2, 127, 339, 5, 0),
(2, 127, 340, 5, 0),
(2, 127, 341, 5, 0),
(2, 127, 342, 5, 0),
(2, 127, 343, 5, 0),
(2, 127, 344, 5, 0),
(2, 127, 345, 5, 0),
(2, 127, 346, 5, 0),
(2, 127, 347, 5, 0),
(2, 127, 348, 5, 0),
(2, 127, 349, 5, 0),
(2, 127, 350, 5, 0),
(2, 127, 351, 5, 0),
(2, 127, 352, 5, 0),
(2, 127, 353, 5, 0),
(2, 127, 354, 5, 0),
(2, 127, 355, 5, 0),
(2, 127, 356, 5, 0),
(2, 127, 357, 5, 0),
(2, 127, 358, 5, 0),
(2, 127, 417, 5, 0),
(2, 127, 359, 5, 0),
(2, 127, 412, 5, 0),
(2, 127, 413, 5, 0),
(2, 127, 414, 5, 0),
(2, 127, 415, 5, 0),
(2, 127, 416, 5, 0);

-- --------------------------------------------------------

--
-- Table structure for table `62015attd`
--

CREATE TABLE `62015attd` (
  `month_id` int(11) NOT NULL,
  `subject_id` int(11) NOT NULL,
  `student_id` int(11) NOT NULL,
  `total_lectures` int(11) NOT NULL,
  `present` int(11) NOT NULL
) ENGINE=InnoDB DEFAULT CHARSET=latin1;

--
-- Dumping data for table `62015attd`
--

INSERT INTO `62015attd` (`month_id`, `subject_id`, `student_id`, `total_lectures`, `present`) VALUES
(2, 64, 57, 25, 25),
(2, 64, 58, 25, 24),
(2, 64, 59, 25, 22),
(2, 64, 60, 25, 22),
(2, 64, 61, 25, 21),
(2, 64, 62, 25, 20),
(2, 64, 63, 25, 19),
(2, 64, 64, 25, 18),
(2, 64, 66, 25, 17),
(2, 64, 67, 25, 16),
(2, 64, 68, 25, 15),
(2, 64, 69, 25, 14),
(2, 64, 70, 25, 0),
(2, 64, 71, 25, 0),
(2, 64, 72, 25, 0),
(2, 64, 73, 25, 0),
(2, 64, 74, 25, 0),
(2, 64, 75, 25, 0),
(2, 64, 76, 25, 0),
(2, 64, 77, 25, 0),
(2, 64, 78, 25, 0),
(2, 64, 79, 25, 0),
(2, 64, 80, 25, 0),
(2, 64, 81, 25, 0),
(2, 64, 82, 25, 0),
(2, 64, 83, 25, 0),
(2, 64, 84, 25, 0),
(2, 64, 85, 25, 0),
(2, 64, 86, 25, 0),
(2, 64, 87, 25, 0),
(2, 64, 88, 25, 0),
(2, 64, 89, 25, 0),
(2, 64, 90, 25, 0),
(2, 64, 91, 25, 0),
(2, 64, 92, 25, 0),
(2, 64, 93, 25, 0),
(2, 64, 94, 25, 0),
(2, 64, 95, 25, 0),
(2, 64, 96, 25, 0),
(2, 64, 97, 25, 0),
(2, 64, 98, 25, 0),
(2, 64, 99, 25, 0),
(2, 64, 100, 25, 0),
(2, 64, 101, 25, 0),
(2, 64, 102, 25, 0),
(2, 64, 103, 25, 0),
(2, 64, 104, 25, 0),
(2, 64, 105, 25, 0),
(2, 64, 106, 25, 0),
(2, 64, 108, 25, 5),
(2, 64, 109, 25, 0),
(2, 64, 65, 25, 0),
(2, 64, 15, 25, 0),
(2, 68, 57, 7, 7),
(2, 68, 58, 7, 6),
(2, 68, 59, 7, 5),
(2, 68, 60, 7, 4),
(2, 68, 61, 7, 3),
(2, 68, 62, 7, 2),
(2, 68, 63, 7, 1),
(2, 68, 64, 7, 0),
(2, 68, 66, 7, 0),
(2, 68, 67, 7, 0),
(2, 68, 68, 7, 0),
(2, 68, 69, 7, 0),
(2, 68, 70, 7, 0),
(2, 68, 71, 7, 0),
(2, 68, 72, 7, 0),
(2, 68, 73, 7, 0),
(2, 68, 74, 7, 0),
(2, 68, 75, 7, 0),
(2, 68, 76, 7, 0),
(2, 68, 77, 7, 0),
(2, 68, 78, 7, 0),
(2, 68, 79, 7, 0),
(2, 68, 80, 7, 0),
(2, 68, 81, 7, 0),
(2, 68, 82, 7, 0),
(2, 68, 83, 7, 0),
(2, 68, 84, 7, 0),
(2, 68, 85, 7, 7),
(2, 68, 86, 7, 6),
(2, 68, 87, 7, 5),
(2, 68, 88, 7, 4),
(2, 68, 89, 7, 3),
(2, 68, 90, 7, 2),
(2, 68, 91, 7, 1),
(2, 68, 92, 7, 0),
(2, 68, 93, 7, 0),
(2, 68, 94, 7, 0),
(2, 68, 95, 7, 0),
(2, 68, 96, 7, 0),
(2, 68, 97, 7, 0),
(2, 68, 98, 7, 0),
(2, 68, 99, 7, 0),
(2, 68, 100, 7, 0),
(2, 68, 101, 7, 0),
(2, 68, 102, 7, 0),
(2, 68, 103, 7, 0),
(2, 68, 104, 7, 0),
(2, 68, 105, 7, 0),
(2, 68, 106, 7, 0),
(2, 68, 108, 7, 0),
(2, 68, 109, 7, 0),
(2, 68, 65, 7, 0),
(2, 68, 15, 7, 0),
(2, 133, 85, 4, 1),
(2, 133, 86, 4, 2),
(2, 133, 87, 4, 3),
(2, 133, 88, 4, 4),
(2, 133, 89, 4, 0),
(2, 133, 90, 4, 0),
(2, 133, 91, 4, 0),
(2, 133, 92, 4, 0),
(2, 133, 93, 4, 0),
(2, 133, 94, 4, 0),
(2, 133, 95, 4, 0),
(2, 133, 96, 4, 0),
(2, 133, 97, 4, 0),
(2, 133, 98, 4, 0),
(2, 133, 99, 4, 0),
(2, 133, 100, 4, 0),
(2, 133, 101, 4, 0),
(2, 133, 102, 4, 0),
(2, 133, 103, 4, 0),
(2, 133, 104, 4, 0),
(2, 133, 105, 4, 0),
(2, 133, 106, 4, 0),
(2, 133, 108, 4, 0),
(2, 133, 109, 4, 0),
(2, 133, 65, 4, 0),
(2, 133, 15, 4, 0),
(2, 133, 1, 4, 4),
(2, 133, 2, 4, 2),
(2, 133, 3, 4, 3),
(2, 133, 4, 4, 4),
(2, 133, 5, 4, 0),
(2, 133, 6, 4, 0),
(2, 133, 7, 4, 0),
(2, 133, 8, 4, 0),
(2, 133, 9, 4, 0),
(2, 133, 10, 4, 0),
(2, 133, 11, 4, 0),
(2, 133, 12, 4, 0),
(2, 133, 13, 4, 0),
(2, 133, 14, 4, 0),
(2, 133, 16, 4, 0),
(2, 133, 17, 4, 0),
(2, 133, 18, 4, 0),
(2, 133, 19, 4, 0),
(2, 133, 20, 4, 0),
(2, 133, 21, 4, 0),
(2, 133, 22, 4, 0),
(2, 133, 23, 4, 0),
(2, 133, 24, 4, 0),
(2, 133, 25, 4, 0),
(2, 133, 26, 4, 0),
(2, 133, 27, 4, 0),
(2, 133, 28, 4, 0),
(2, 133, 29, 5, 4),
(2, 133, 30, 5, 2),
(2, 133, 31, 5, 4),
(2, 133, 32, 5, 3),
(2, 133, 33, 5, 2),
(2, 133, 34, 5, 0),
(2, 133, 35, 5, 0),
(2, 133, 36, 5, 0),
(2, 133, 37, 5, 0),
(2, 133, 38, 5, 0),
(2, 133, 39, 5, 0),
(2, 133, 40, 5, 0),
(2, 133, 41, 5, 0),
(2, 133, 42, 5, 0),
(2, 133, 43, 5, 0),
(2, 133, 44, 5, 0),
(2, 133, 45, 5, 0),
(2, 133, 46, 5, 0),
(2, 133, 47, 5, 0),
(2, 133, 48, 5, 0),
(2, 133, 49, 5, 0),
(2, 133, 50, 5, 0),
(2, 133, 51, 5, 0),
(2, 133, 52, 5, 0),
(2, 133, 53, 5, 0),
(2, 133, 54, 5, 0),
(2, 133, 55, 5, 0),
(2, 133, 56, 5, 0),
(2, 133, 107, 5, 0),
(2, 64, 1, 25, 0),
(2, 64, 2, 25, 0),
(2, 64, 3, 25, 0),
(2, 64, 4, 25, 0),
(2, 64, 5, 25, 0),
(2, 64, 6, 25, 0),
(2, 64, 7, 25, 0),
(2, 64, 8, 25, 0),
(2, 64, 9, 25, 0),
(2, 64, 10, 25, 0),
(2, 64, 11, 25, 0),
(2, 64, 12, 25, 0),
(2, 64, 13, 25, 0),
(2, 64, 14, 25, 0),
(2, 64, 16, 25, 0),
(2, 64, 17, 25, 0),
(2, 64, 18, 25, 0),
(2, 64, 19, 25, 0),
(2, 64, 20, 25, 0),
(2, 64, 21, 25, 0),
(2, 64, 22, 25, 0),
(2, 64, 23, 25, 0),
(2, 64, 24, 25, 0),
(2, 64, 25, 25, 0),
(2, 64, 26, 25, 0),
(2, 64, 27, 25, 0),
(2, 64, 28, 25, 0),
(2, 64, 29, 25, 0),
(2, 64, 30, 25, 0),
(2, 64, 31, 25, 0),
(2, 64, 32, 25, 0),
(2, 64, 33, 25, 0),
(2, 64, 34, 25, 15),
(2, 64, 35, 25, 0),
(2, 64, 36, 25, 0),
(2, 64, 37, 25, 0),
(2, 64, 38, 25, 0),
(2, 64, 39, 25, 0),
(2, 64, 40, 25, 0),
(2, 64, 41, 25, 0),
(2, 64, 42, 25, 0),
(2, 64, 43, 25, 0),
(2, 64, 44, 25, 0),
(2, 64, 45, 25, 0),
(2, 64, 46, 25, 0),
(2, 64, 47, 25, 0),
(2, 64, 48, 25, 0),
(2, 64, 49, 25, 0),
(2, 64, 50, 25, 0),
(2, 64, 51, 25, 0),
(2, 64, 52, 25, 0),
(2, 64, 53, 25, 0),
(2, 64, 54, 25, 0),
(2, 64, 55, 25, 0),
(2, 64, 56, 25, 0),
(2, 64, 107, 25, 0),
(2, 133, 57, 25, 0),
(2, 133, 58, 25, 0),
(2, 133, 59, 25, 0),
(2, 133, 60, 25, 0),
(2, 133, 61, 25, 0),
(2, 133, 62, 25, 0),
(2, 133, 63, 25, 0),
(2, 133, 64, 25, 0),
(2, 133, 66, 25, 0),
(2, 133, 67, 25, 0),
(2, 133, 68, 25, 0),
(2, 133, 69, 25, 0),
(2, 133, 70, 25, 0),
(2, 133, 71, 25, 0),
(2, 133, 72, 25, 0),
(2, 133, 73, 25, 0),
(2, 133, 74, 25, 0),
(2, 133, 75, 25, 0),
(2, 133, 76, 25, 0),
(2, 133, 77, 25, 0),
(2, 133, 78, 25, 0),
(2, 133, 79, 25, 0),
(2, 133, 80, 25, 0),
(2, 133, 81, 25, 0),
(2, 133, 82, 25, 0),
(2, 133, 83, 25, 45),
(2, 133, 84, 25, 0);

-- --------------------------------------------------------

--
-- Table structure for table `82014attd`
--

CREATE TABLE `82014attd` (
  `month_id` int(11) NOT NULL,
  `subject_id` int(11) NOT NULL,
  `student_id` int(11) NOT NULL,
  `total_lectures` int(11) NOT NULL,
  `present` int(11) NOT NULL
) ENGINE=InnoDB DEFAULT CHARSET=latin1;

-- --------------------------------------------------------

--
-- Table structure for table `admincontrols`
--

CREATE TABLE `admincontrols` (
  `attendanceoption` int(5) NOT NULL
) ENGINE=InnoDB DEFAULT CHARSET=latin1;

--
-- Dumping data for table `admincontrols`
--

INSERT INTO `admincontrols` (`attendanceoption`) VALUES
(2);

-- --------------------------------------------------------

--
-- Table structure for table `attendance_master`
--

CREATE TABLE `attendance_master` (
  `month_id` int(11) NOT NULL,
  `subject_id` int(11) NOT NULL,
  `student_id` int(11) NOT NULL,
  `total_lectures` int(11) NOT NULL,
  `present` int(11) NOT NULL
) ENGINE=InnoDB DEFAULT CHARSET=latin1;

-- --------------------------------------------------------

--
-- Table structure for table `month_master`
--

CREATE TABLE `month_master` (
  `month_id` int(11) NOT NULL,
  `month_name` varchar(15) NOT NULL,
  `year` int(11) NOT NULL,
  `valid` int(11) NOT NULL DEFAULT '0'
) ENGINE=InnoDB DEFAULT CHARSET=latin1;

--
-- Dumping data for table `month_master`
--

INSERT INTO `month_master` (`month_id`, `month_name`, `year`, `valid`) VALUES
(1, 'December', 2017, 0),
(2, 'January', 2018, 1),
(3, 'February', 2018, 0),
(4, 'March', 2018, 0),
(5, 'April', 2018, 0),
(6, 'May', 2018, 0),
(7, 'June', 2018, 0),
(8, 'July', 2018, 0),
(9, 'August', 2018, 0),
(10, 'September', 2018, 0),
(11, 'October', 2018, 0),
(12, 'November', 2018, 0),
(13, 'December', 2018, 0);

-- --------------------------------------------------------

--
-- Table structure for table `security_questions`
--

CREATE TABLE `security_questions` (
  `question_no` int(1) NOT NULL,
  `question` varchar(100) NOT NULL
) ENGINE=InnoDB DEFAULT CHARSET=latin1;

--
-- Dumping data for table `security_questions`
--

INSERT INTO `security_questions` (`question_no`, `question`) VALUES
(1, 'What was the name of the hospital in which you were born?'),
(2, 'What was the name of your primary school?'),
(3, 'In which month you had met your spouse for the first time?'),
(4, 'Which animal you like the most?'),
(5, 'What is the name of your favorite teacher in your high school? ');

-- --------------------------------------------------------

--
-- Table structure for table `semester_master`
--

CREATE TABLE `semester_master` (
  `sem_id` int(11) NOT NULL,
  `semester` int(11) NOT NULL,
  `keyw` int(11) NOT NULL DEFAULT '0'
) ENGINE=InnoDB DEFAULT CHARSET=latin1;

--
-- Dumping data for table `semester_master`
--

INSERT INTO `semester_master` (`sem_id`, `semester`, `keyw`) VALUES
(1, 3, 0),
(2, 4, 1),
(3, 5, 0),
(4, 6, 1),
(5, 7, 0),
(6, 8, 1);

-- --------------------------------------------------------

--
-- Table structure for table `student_master`
--

CREATE TABLE `student_master` (
  `student_id` int(8) NOT NULL,
  `university_rollno` varchar(20) NOT NULL,
  `class_roll` int(3) DEFAULT NULL,
  `student_name` varchar(27) DEFAULT NULL,
  `semester` int(1) DEFAULT NULL,
  `section` varchar(1) DEFAULT NULL,
  `batch` int(4) DEFAULT NULL,
  `class_batch` int(2) NOT NULL DEFAULT '1'
) ENGINE=InnoDB DEFAULT CHARSET=utf8;

--
-- Dumping data for table `student_master`
--

INSERT INTO `student_master` (`student_id`, `university_rollno`, `class_roll`, `student_name`, `semester`, `section`, `batch`, `class_batch`) VALUES
(1, '', 1, 'AAKANSHA SINGH', 6, 'A', 2015, 2),
(2, '', 2, 'ADHIKARLA SHIRISHA', 6, 'A', 2015, 1),
(3, '', 3, 'ADITI VERMA', 6, 'A', 2015, 1),
(4, '', 4, 'AKANKSHA LAKRA', 6, 'A', 2015, 1),
(5, '', 5, 'AKANSHA TOPPO', 6, 'A', 2015, 1),
(6, '', 6, 'AKSHAT AMAN', 6, 'A', 2015, 1),
(7, '', 7, 'AMIT KUMAR CHOUDHARY', 6, 'A', 2015, 1),
(8, '', 8, 'ANKISH GUPTA', 6, 'A', 2015, 1),
(9, '', 9, 'ANSHUL JAISWAL', 6, 'A', 2015, 1),
(10, '', 10, 'ANUSHKA CHATURVEDI', 6, 'A', 2015, 1),
(11, '', 11, 'ASHISH EKKA', 6, 'A', 2015, 1),
(12, '', 12, 'ASHUTOSH DHRUW', 6, 'A', 2015, 1),
(13, '', 13, 'AVANTIKA MISHRA', 6, 'A', 2015, 1),
(14, '', 14, 'BARNADISH SINGH SONWANI', 6, 'A', 2015, 1),
(16, '', 15, 'CHINMAY CHOUDHARY', 6, 'A', 2015, 1),
(17, '', 16, 'DEEPANSHU AGRAWAL', 6, 'A', 2015, 1),
(18, '', 17, 'GAURAV TRIPATHI', 6, 'A', 2015, 1),
(19, '', 18, 'GOVIND PRASAD', 6, 'A', 2015, 1),
(20, '', 19, 'HITESH KUMAR', 6, 'A', 2015, 1),
(21, '', 20, 'JAYESH PATEL', 6, 'A', 2015, 1),
(22, '', 21, 'KHYATI NETAM', 6, 'A', 2015, 1),
(23, '', 22, 'LOKESH RAMGOPAL KASHYAP', 6, 'A', 2015, 1),
(24, '', 23, 'MERWIN G RAJAN', 6, 'A', 2015, 1),
(25, '', 24, 'MURAHARI PRITHVI YASH', 6, 'A', 2015, 1),
(26, '', 25, 'NIRAJ BARWA', 6, 'A', 2015, 1),
(27, '', 26, 'NISHTHA GUPTA', 6, 'A', 2015, 1),
(28, '', 27, 'NITISH NETAM', 6, 'A', 2015, 1),
(29, '', 28, 'PRABHDEET KAUR SACHDEV', 6, 'A', 2015, 2),
(30, '', 29, 'PRANEET PANDEY', 6, 'A', 2015, 2),
(31, '', 30, 'PRATEEKSHA SHUKLA', 6, 'A', 2015, 2),
(32, '', 31, 'PRIYANSH BRANNEN LALL', 6, 'A', 2015, 2),
(33, '', 32, 'RAHUL KUMAR SAHU', 6, 'A', 2015, 2),
(34, '', 33, 'RAJKISHORE SINGH TANDAN', 6, 'A', 2015, 2),
(35, '', 34, 'RAVI KUMAR DEWANGAN', 6, 'A', 2015, 2),
(36, '', 35, 'RISHABH AGRAWAL', 6, 'A', 2015, 2),
(37, '', 36, 'RITESH KUMAR DHRUW', 6, 'A', 2015, 2),
(38, '', 37, 'ROHIT JHA', 6, 'A', 2015, 2),
(39, '', 38, 'SHIKHA PANDEY', 6, 'A', 2015, 2),
(40, '', 39, 'SHIVANI SAHU', 6, 'A', 2015, 2),
(41, '', 40, 'SIMARJEET SINGH', 6, 'A', 2015, 2),
(42, '', 41, 'SONALI PAUL', 6, 'A', 2015, 2),
(43, '', 42, 'SUMAN ANAND', 6, 'A', 2015, 2),
(44, '', 43, 'TIMIRASH DUBEY', 6, 'A', 2015, 2),
(45, '', 44, 'VIKAS RAWATE', 6, 'A', 2015, 2),
(46, '', 45, 'VINAY KUMAR HEERA', 6, 'A', 2015, 2),
(47, '', 46, 'YOGESH BHAIYA', 6, 'A', 2015, 2),
(48, '', 47, 'SHIVANI BHATIA', 6, 'A', 2015, 2),
(49, '', 48, 'SOMESH KUMAR SINGH', 6, 'A', 2015, 2),
(50, '', 49, 'AKANSHA SHUKLA', 6, 'A', 2015, 2),
(51, '', 50, 'RAJASHREE ROY', 6, 'A', 2015, 2),
(52, '', 51, 'SEEMA RAJWADE', 6, 'A', 2015, 2),
(53, '', 52, 'AMIT SINHA', 6, 'A', 2015, 2),
(54, '', 53, 'LOKESH SINGH', 6, 'A', 2015, 2),
(55, '', 54, 'DIVYA DANSENA', 6, 'A', 2015, 2),
(56, '', 55, 'SAMPATTI DINESH METKAR', 6, 'A', 2015, 2),
(57, '', 56, 'RASHI MISHRA', 6, 'B', 2015, 1),
(58, '', 57, 'AAYUSH VERMA', 6, 'B', 2015, 1),
(59, '', 59, 'ABHISHEK BHOWMICK', 6, 'B', 2015, 1),
(60, '', 60, 'ADITI SONI', 6, 'B', 2015, 1),
(61, '', 61, 'ADITYA MOHAN GUPTA', 6, 'B', 2015, 1),
(62, '', 62, 'AKANSHA BHAGWANI', 6, 'B', 2015, 1),
(63, '', 63, 'AKSHAT AGRAWAL', 6, 'B', 2015, 1),
(64, '', 64, 'ALOK PATEL', 6, 'B', 2015, 1),
(65, '', 108, '', 6, 'C', 2015, 2),
(66, '', 65, 'ANJANI KUMAR SINGH', 6, 'B', 2015, 1),
(67, '', 66, 'ANKIT JAISWAL', 6, 'B', 2015, 1),
(68, '', 67, 'ANKIT KUMAR SAHU', 6, 'B', 2015, 1),
(69, '', 68, 'ANUJA XALXO', 6, 'B', 2015, 1),
(70, '', 69, 'ASHITA MAKKAD', 6, 'B', 2015, 1),
(71, '', 70, 'ATUL BUNKAR', 6, 'B', 2015, 1),
(72, '', 71, 'AYUSH AGRAWAL', 6, 'B', 2015, 1),
(73, '', 72, 'BRIJESH KUMAR MARKANDEY', 6, 'B', 2015, 1),
(74, '', 73, 'CHETNA THAKUR', 6, 'B', 2015, 1),
(75, '', 74, 'DANESH KUMAR', 6, 'B', 2015, 1),
(76, '', 75, 'DIVYA MANDGE', 6, 'B', 2015, 1),
(77, '', 76, 'GEORGE KUJUR', 6, 'B', 2015, 1),
(78, '', 77, 'HEMANT KUMAR THAKUR', 6, 'B', 2015, 1),
(79, '', 78, 'JAI KUMAR YADAV', 6, 'B', 2015, 1),
(80, '', 79, 'JITESH KUMAR DEWANGAN', 6, 'B', 2015, 1),
(81, '', 80, 'KUMARI SAROJ SINGH', 6, 'B', 2015, 1),
(82, '', 81, 'MALAY BHARTI', 6, 'B', 2015, 1),
(83, '', 82, 'MONIKA BHOIR', 6, 'B', 2015, 1),
(84, '', 83, 'NANDANI KANWAR', 6, 'B', 2015, 1),
(85, '', 84, 'NISHANT CELESTIN TIRKEY', 6, 'B', 2015, 2),
(86, '', 85, 'NITIN KUMAR MANKAR', 6, 'B', 2015, 2),
(87, '', 86, 'PARVINDER SINGH', 6, 'B', 2015, 2),
(88, '', 87, 'PRAKHAR KOTHARI', 6, 'B', 2015, 2),
(89, '', 88, 'PRASHANT BANJARE', 6, 'B', 2015, 2),
(90, '', 89, 'PRIYA SHARMA', 6, 'B', 2015, 2),
(91, '', 90, 'PULKIT TIWARI', 6, 'B', 2015, 2),
(92, '', 91, 'RAHUL MANGTANI', 6, 'B', 2015, 2),
(93, '', 92, 'RASHI VARSHNEY', 6, 'B', 2015, 2),
(94, '', 93, 'RICHA JAGYASI', 6, 'B', 2015, 2),
(95, '', 94, 'RISHI NAMDEO', 6, 'B', 2015, 2),
(96, '', 95, 'RITIK  KAKWANI', 6, 'B', 2015, 2),
(97, '', 96, 'SHIRSH RAJ MAURYA', 6, 'B', 2015, 2),
(98, '', 97, 'SIDDHARTH JAIN', 6, 'B', 2015, 2),
(99, '', 98, 'SOMALI PRAMANIK', 6, 'B', 2015, 2),
(100, '', 99, 'SRISHTI KHOBRAGADE', 6, 'B', 2015, 2),
(101, '', 100, 'SWARIL SINGHAL', 6, 'B', 2015, 2),
(102, '', 101, 'TARUN KUMAR PATEL', 6, 'B', 2015, 2),
(103, '', 102, 'VIJIT VAJPAYEE', 6, 'B', 2015, 2),
(104, '', 103, 'VINAYKANT', 6, 'B', 2015, 2),
(105, '', 104, 'YUVRAJ SINGH BHANU', 6, 'B', 2015, 2),
(106, '', 105, 'RESHU PANDEY', 6, 'B', 2015, 2),
(107, '', 56, 'ADITI ', 6, 'A', 2015, 2),
(108, '', 58, 'ABHINAV TIWARI', 6, 'B', 2015, 2),
(109, '', 107, 'SATANAND', 6, 'B', 2015, 2),
(110, '', 1, 'AAMOD VYAS', 8, 'A', 2014, 1),
(111, '', 2, 'ABHISHEK BANERJEE', 8, 'A', 2014, 1),
(112, '', 3, 'ADITI CHANDRAVANSHI', 8, 'A', 2014, 1),
(113, '', 4, 'AKANSHA KINDO', 8, 'A', 2014, 1),
(114, '', 5, 'ANKITA DAS', 8, 'A', 2014, 1),
(115, '', 6, 'ANURADHA KUMARI', 8, 'A', 2014, 1),
(116, '', 7, 'ASHUTOSH VERMA', 8, 'A', 2014, 1),
(117, '', 8, 'CHIRAYU KALE', 8, 'A', 2014, 1),
(118, '', 9, 'DEVNARAYAN', 8, 'A', 2014, 1),
(119, '', 10, 'DHRUW SHEKHAR', 8, 'C', 2014, 1),
(120, '', 10, 'DIVYA GUPTA', 8, 'A', 2014, 1),
(121, '', 11, 'JEYRASHI JOHANA', 8, 'A', 2014, 1),
(122, '', 12, 'KOMAL GUPTA', 8, 'A', 2014, 1),
(123, '', 13, 'Ku APARNA MAZUMDAR', 8, 'A', 2014, 1),
(124, '', 14, 'MANHARAN LAL THAKUR', 8, 'A', 2014, 1),
(125, '', 15, 'MOHNISH KUMAR SINHA', 8, 'A', 2014, 1),
(126, '', 16, 'MONIKA NETAM', 8, 'A', 2014, 1),
(127, '', 17, 'NUPUR JAIN', 8, 'A', 2014, 1),
(128, '', 18, 'PRAKHAR SONWANI', 8, 'A', 2014, 1),
(129, '', 19, 'PRIYA THAKUR', 8, 'A', 2014, 1),
(130, '', 20, 'RAGHUVEER SINGH KUSHWAHA', 8, 'A', 2014, 1),
(131, '', 21, 'RAHUL PANDEY', 8, 'A', 2014, 1),
(132, '', 22, 'RIYA SINGH', 8, 'A', 2014, 1),
(133, '', 23, 'SAPNA BHAGAT', 8, 'A', 2014, 1),
(134, '', 24, 'SHAILI GUPTA', 8, 'A', 2014, 1),
(135, '', 25, 'SHREYA SHARMA', 8, 'A', 2014, 1),
(136, '', 26, 'SHREYANSH JAIN', 8, 'A', 2014, 1),
(137, '', 27, 'SHUBHAM DEWANGAN', 8, 'A', 2014, 1),
(138, '', 28, 'SIMMI AGARAWAL', 8, 'A', 2014, 1),
(139, '', 29, 'SOUMITA KUNDU', 8, 'A', 2014, 1),
(140, '', 30, 'SWATI RAI', 8, 'A', 2014, 1),
(141, '', 31, 'TANAY GUPTA', 8, 'A', 2014, 1),
(142, '', 32, 'TRIPTI GUPTA', 8, 'A', 2014, 1),
(143, '', 33, 'V V VINAY', 8, 'A', 2014, 1),
(144, '', 34, 'VARUN DUBEY', 8, 'A', 2014, 1),
(145, '', 35, 'VIKRAM KUMAR', 8, 'A', 2014, 1),
(146, '', 36, 'VIVEK THAKUR', 8, 'A', 2014, 1),
(147, '', 37, 'YAMESH KUMAR CHANDRAWANSHI', 8, 'A', 2014, 1),
(148, '', 38, 'ARPITA MAHAJAN', 8, 'A', 2014, 1),
(149, '', 39, 'AKSHAY SHUKLA', 8, 'A', 2014, 1),
(150, '', 40, 'PALLAVI CHANDRAKAR', 8, 'A', 2014, 1),
(151, '', 41, 'SHUBHAM KUMAR SAHU', 8, 'A', 2014, 1),
(152, '', 42, 'ABHISHEK KUMAR', 8, 'A', 2014, 1),
(153, '', 43, 'MANISHA VERMA', 8, 'A', 2014, 1),
(154, '', 44, 'HIMANSHU PATEL', 8, 'A', 2014, 1),
(155, '', 45, 'G. ASHWINI', 8, 'A', 2014, 1),
(156, '', 46, 'NEELASKI DEWANGAN', 8, 'A', 2014, 1),
(157, '', 47, 'SUPRIYA DEWANGAN', 8, 'A', 2014, 1),
(158, '', 48, 'SULEKHA ', 8, 'A', 2014, 1),
(159, '', 49, 'RAVINDRA KUMAR', 8, 'A', 2014, 1),
(160, '', 50, 'LOKNATH KUMAR', 8, 'A', 2014, 1),
(161, '', 51, 'SONAM GUPTA', 8, 'A', 2014, 1),
(162, '', 52, 'SWETA GUPTA', 8, 'A', 2014, 1),
(163, '', 60, 'AAKRITI THAWRE', 8, 'B', 2014, 1),
(164, '', 61, 'ADHISH KRISHN', 8, 'B', 2014, 1),
(165, '', 62, 'AJIT KUMAR GUPTA', 8, 'B', 2014, 1),
(166, '', 63, 'AKASH BANSAL', 8, 'B', 2014, 1),
(167, '', 64, 'APURVA SHRIVASTAVA', 8, 'B', 2014, 1),
(168, '', 65, 'CHHAVIKANT MALIA', 8, 'B', 2014, 1),
(169, '', 66, 'DARSHITA JAIN', 8, 'B', 2014, 1),
(170, '', 67, 'DENNIS S CHERIAN', 8, 'B', 2014, 1),
(171, '', 68, 'DEVIDAS PRINCE SHARMA', 8, 'B', 2014, 1),
(172, '', 69, 'DHANANJAY NETAM ', 8, 'B', 2014, 1),
(173, '', 70, 'DIVYANSH SHRIVASTAVA', 8, 'B', 2014, 1),
(174, '', 71, 'DOLLY VAISHNAV', 8, 'B', 2014, 1),
(175, '', 72, 'GAJENDRA KUMAR MONGRE', 8, 'B', 2014, 1),
(176, '', 73, 'HARISH KUMAR', 8, 'B', 2014, 1),
(177, '', 74, 'HIMANSHU BHUARYA', 8, 'B', 2014, 1),
(178, '', 75, 'JAIDEEP SINGH SANDHU', 8, 'B', 2014, 1),
(179, '', 76, 'JIGYASHA GUPTA', 8, 'B', 2014, 1),
(180, '', 77, 'KAJAL DHRUW', 8, 'B', 2014, 1),
(181, '', 78, 'MAYANK PATLEY', 8, 'B', 2014, 1),
(182, '', 79, 'MEHAM CHANDRAVANSHI', 8, 'B', 2014, 1),
(183, '', 80, 'MONIKA THAKUR', 8, 'B', 2014, 1),
(184, '', 81, 'NIMISHA R MATHEW', 8, 'B', 2014, 1),
(185, '', 82, 'OJASVI THAKUR', 8, 'B', 2014, 1),
(186, '', 83, 'PANKHUDI SHRIVASTAVA', 8, 'B', 2014, 1),
(187, '', 84, 'PARUL BAWA', 8, 'B', 2014, 1),
(188, '', 85, 'PRAJAKTA TAWRI', 8, 'B', 2014, 1),
(189, '', 86, 'PRIYANKA RANI GUPTA', 8, 'B', 2014, 1),
(190, '', 87, 'PUSHPENDRA PRASAD NAYAK', 8, 'B', 2014, 1),
(191, '', 88, 'RICHA SHRIVASTAVA', 8, 'B', 2014, 1),
(192, '', 89, 'RUBI SAHU', 8, 'B', 2014, 1),
(193, '', 90, 'SACHIN KUMAR', 8, 'B', 2014, 1),
(194, '', 91, 'SAUBHAGYA SAHU', 8, 'B', 2014, 1),
(195, '', 92, 'SHILPA JAIN', 8, 'B', 2014, 1),
(196, '', 93, 'SHILPI AGRAWAL', 8, 'B', 2014, 1),
(197, '', 94, 'SHILPI SONI', 8, 'B', 2014, 1),
(198, '', 95, 'SHREEJITA DUTTA', 8, 'B', 2014, 1),
(199, '', 96, 'SHREYAS SANJAY AYADE', 8, 'B', 2014, 1),
(200, '', 97, 'SHRUTI RANA', 8, 'B', 2014, 1),
(201, '', 98, 'SHUBHAM KUMAR SHARMA', 8, 'B', 2014, 1),
(202, '', 99, 'SOMESH GANGULY', 8, 'B', 2014, 1),
(203, '', 100, 'SWAPNIL TOPPO', 8, 'B', 2014, 1),
(204, '', 101, 'SWATI JAISWAL', 8, 'B', 2014, 1),
(205, '', 102, 'TAKESH KATLAM', 8, 'B', 2014, 1),
(206, '', 103, 'VAIBHAV BHARUKA', 8, 'B', 2014, 1),
(207, '', 104, 'VIRAJ S ADESARA', 8, 'B', 2014, 1),
(208, '', 105, 'VIVEK DINKAR', 8, 'B', 2014, 1),
(209, '', 106, 'Y PUJA', 8, 'B', 2014, 1),
(210, '', 107, 'CHANDRAKANT BHOIR', 8, 'B', 2014, 1),
(211, '', 108, 'MAHESHWAR PRASAD SINGH', 8, 'B', 2014, 1),
(212, '', 109, 'SHAKSHI DUBEY', 8, 'B', 2014, 1),
(213, '', 110, 'AJAY KUMAR', 8, 'B', 2014, 1),
(214, '', 111, 'SABA  AAFRIN', 8, 'B', 2014, 1),
(215, '', 112, 'ANJU PANDEY', 8, 'B', 2014, 1),
(216, '', 113, 'VARUN SOOD', 8, 'B', 2014, 1),
(217, '', 1, 'VARTIKA NAYAK', 9, 'A', 2013, 1),
(218, '', 2, 'AKASH AGGARWAL', 9, 'A', 2013, 1),
(219, '', 3, 'KUMARI PRIYA', 9, 'A', 2013, 1),
(220, '', 4, 'VIVEK KUMAR ROCKY', 9, 'A', 2013, 1),
(221, '', 5, 'SHIKHA KUMARI JHA', 9, 'A', 2013, 1),
(222, '', 6, 'AKSHAY BELE', 9, 'A', 2013, 1),
(223, '', 7, 'ANURAG KUMAR SINGH', 9, 'A', 2013, 1),
(224, '', 8, 'G. NIVEDHA NADAR', 9, 'A', 2013, 1),
(225, '', 9, 'AVINASH MISHRA', 9, 'A', 2013, 1),
(226, '', 10, 'CHINMAY JAIN', 9, 'A', 2013, 1),
(227, '', 11, 'DEEP SINGH', 9, 'A', 2013, 1),
(228, '', 12, 'DEEPSHIKHA KURRE', 9, 'A', 2013, 1),
(229, '', 13, 'DEVIKA', 9, 'A', 2013, 1),
(230, '', 14, 'DIKESH KUMAR ', 9, 'A', 2013, 1),
(231, '', 15, 'DUSHAYANT KUMAR KOTHARI', 9, 'A', 2013, 1),
(232, '', 16, 'HANSHIKA AGRAWAL', 9, 'A', 2013, 1),
(233, '', 17, 'JAMPALA DIVYA', 9, 'A', 2013, 1),
(234, '', 18, 'JITESH SINDHARE', 9, 'A', 2013, 1),
(235, '', 19, 'DEVENDRA THAKUR', 9, 'A', 2013, 1),
(236, '', 20, 'MAMTA THAKUR', 9, 'A', 2013, 1),
(237, '', 21, 'MANISH KUMAR SINGH', 9, 'A', 2013, 1),
(238, '', 22, 'MEGHA SONI', 9, 'A', 2013, 1),
(239, '', 23, 'NEHA TRIPATHI', 9, 'A', 2013, 1),
(240, '', 24, 'NILESH S MUDLIAR', 9, 'A', 2013, 1),
(241, '', 25, 'OMESH SUDHAKAR', 9, 'A', 2013, 1),
(242, '', 26, 'PRACHI KATLAM', 9, 'A', 2013, 1),
(243, '', 27, 'PRAVEEN ABHISHEK LAKRA', 9, 'A', 2013, 1),
(244, '', 28, 'RAJSHREE SEN', 9, 'A', 2013, 1),
(245, '', 29, 'RANJANA VERMA', 9, 'A', 2013, 1),
(246, '', 30, 'MANSI JAIN', 9, 'A', 2013, 1),
(247, '', 31, 'SHUBHAM', 9, 'A', 2013, 1),
(248, '', 32, 'SHUBHAM RAWANI', 9, 'A', 2013, 1),
(249, '', 33, 'TANIYA BHATTACHARYA', 9, 'A', 2013, 1),
(250, '', 34, 'TRISHA THAKUR', 9, 'A', 2013, 1),
(251, '', 35, 'VAIBHAV KUMAR BHARDWAJ', 9, 'A', 2013, 1),
(252, '', 36, 'YOGENDRA SAHU', 9, 'A', 2013, 1),
(253, '', 37, 'DEVIKA KULKARNI', 9, 'A', 2013, 1),
(254, '', 38, 'FAHAD SAEED KHWAJA', 9, 'A', 2013, 1),
(255, '', 39, 'ESHITA JAIN', 9, 'A', 2013, 1),
(256, '', 40, 'ANSHI JAIN', 9, 'A', 2013, 1),
(257, '', 41, 'NITU SHRIVAS', 9, 'A', 2013, 1),
(258, '', 42, 'AISHWARYA SHAH', 9, 'A', 2013, 1),
(259, '', 43, 'PURVA MOON', 9, 'A', 2013, 1),
(260, '', 44, 'RAM BALAK KUMAR', 9, 'A', 2013, 1),
(261, '', 45, 'SHASHI PRAKASH GUPTA', 9, 'A', 2013, 1),
(262, '', 46, 'ABHIJEET', 9, 'B', 2013, 1),
(263, '', 47, 'ARVIND KUMAR CHOUBEY', 9, 'B', 2013, 1),
(264, '', 48, 'SARAVAN KUMAR TELANG', 9, 'B', 2013, 1),
(265, '', 49, 'AASHISH KUMAR', 9, 'B', 2013, 1),
(266, '', 50, 'AKANSHA SINHA', 9, 'B', 2013, 1),
(267, '', 51, 'ANJALI CHANDRAKAR', 9, 'B', 2013, 1),
(268, '', 52, 'ANKITA RAJPUT', 9, 'B', 2013, 1),
(269, '', 53, 'APOORV KHANDELWAL', 9, 'B', 2013, 1),
(270, '', 54, 'CHANDRAMANI ADIL', 9, 'B', 2013, 1),
(271, '', 55, 'DEEPANJAN KOWAR', 9, 'B', 2013, 1),
(272, '', 56, 'KISHAN PATEL', 9, 'B', 2013, 1),
(273, '', 57, 'DHANANJAY KUMAR RAY', 9, 'B', 2013, 1),
(274, '', 58, 'DISHA UKE', 9, 'B', 2013, 1),
(275, '', 59, 'APURVA JAIN', 9, 'B', 2013, 1),
(276, '', 60, 'ISHA VERMA', 9, 'B', 2013, 1),
(277, '', 61, 'Md. TOUSIF SHEKHANI', 9, 'B', 2013, 1),
(278, '', 62, 'KHEMRAJ THAKUR', 9, 'B', 2013, 1),
(279, '', 63, 'KRITIKA SAHU', 9, 'B', 2013, 1),
(280, '', 64, 'L A AAKRITI', 9, 'B', 2013, 1),
(281, '', 65, 'MEENAL TAUNK', 9, 'B', 2013, 1),
(282, '', 66, 'MONIKA AGRAWAL', 9, 'B', 2013, 1),
(283, '', 67, 'NIDHI THAKUR', 9, 'B', 2013, 1),
(284, '', 68, 'NISHANT MUNDHRA', 9, 'B', 2013, 1),
(285, '', 69, 'POONAM PRAKASH CHAUDHARY', 9, 'B', 2013, 1),
(286, '', 70, 'PRAGYA PAIKRA', 9, 'B', 2013, 1),
(287, '', 71, 'PRINCE PRATAP SINGH BANJARE', 9, 'B', 2013, 1),
(288, '', 72, 'AVADHESH ANAND AGARWAL', 9, 'B', 2013, 1),
(289, '', 73, 'RICHA JAIN', 9, 'B', 2013, 1),
(290, '', 74, 'SHIVANI JAIN', 9, 'B', 2013, 1),
(291, '', 75, 'SHUBHAM AGRAWAL', 9, 'B', 2013, 1),
(292, '', 76, 'SWETA MANDLOI', 9, 'B', 2013, 1),
(293, '', 77, 'THAKUR PRASAD VISHAL', 9, 'B', 2013, 1),
(294, '', 78, 'TUHINA VERMA', 9, 'B', 2013, 1),
(295, '', 79, 'AAYUSHI A SHRIVASTAVA', 9, 'B', 2013, 1),
(296, '', 80, 'AISHWARYA S. PILLAI', 9, 'B', 2013, 1),
(297, '', 81, 'ANURAG CHATTERJEE', 9, 'B', 2013, 1),
(298, '', 82, 'MOHIT AGRAWAL', 9, 'B', 2013, 1),
(299, '', 83, 'RAVISH R. RAM', 9, 'B', 2013, 1),
(300, '', 84, 'AYUSH WADHAWA', 9, 'B', 2013, 1),
(301, '', 85, 'RESHITA MINOCHA', 9, 'B', 2013, 1),
(302, '', 86, 'PRASHANT RAWAL', 9, 'B', 2013, 1),
(303, '', 87, 'ABHIMANYU NETAM', 9, 'B', 2013, 1),
(304, '', 88, 'RISHI GUPTA', 9, 'B', 2013, 1),
(305, '', 89, 'ABHAY AGRAWAL', 9, 'B', 2013, 1),
(306, '', 90, 'RAKESH SINGH THAKUR', 9, 'B', 2013, 1),
(307, '', 91, 'MANISH KUMAR KURREY', 9, 'B', 2013, 1),
(308, '', 92, 'ROOPAK TRIPATHI', 9, 'B', 2013, 1),
(309, '', 1, 'AKANSHA ARORA', 4, 'A', 2016, 1),
(310, '', 2, 'AAYUSH SHARMA', 4, 'A', 2016, 1),
(311, '', 3, 'ABHISHEK SAHU', 4, 'A', 2016, 1),
(312, '', 4, 'AJAY NAGDEO', 4, 'A', 2016, 1),
(313, '', 5, 'AKASH SAHU', 4, 'A', 2016, 1),
(314, '', 6, 'AMAN SHRIVASTAV', 4, 'A', 2016, 1),
(315, '', 7, 'ANKIT CHANDRAKAR', 4, 'A', 2016, 1),
(316, '', 8, 'ANKIT THAKUR ', 4, 'A', 2016, 1),
(317, '', 9, 'ANSH BHAWNANI', 4, 'A', 2016, 1),
(318, '', 10, 'ANURAG DEEP KUJUR', 4, 'A', 2016, 1),
(319, '', 11, 'APOORVA SAXENA', 4, 'A', 2016, 1),
(320, '', 12, 'ARPAN TEWARI', 4, 'A', 2016, 1),
(321, '', 13, 'DIVYA MESHRAM', 4, 'A', 2016, 1),
(322, '', 14, 'DOMENDRA KUMAR ALENDRA', 4, 'C', 2016, 1),
(323, '', 14, 'GAURAV THAKUR', 4, 'A', 2016, 1),
(324, '', 15, 'GOVIND KUMAR', 4, 'A', 2016, 1),
(325, '', 16, 'ISHAAN MISHRA', 4, 'A', 2016, 1),
(326, '', 17, 'JAIDEEP GUPTA', 4, 'A', 2016, 1),
(327, '', 18, 'KHYATI PATIL', 4, 'A', 2016, 1),
(328, '', 19, 'KU NALESH', 4, 'A', 2016, 1),
(329, '', 20, 'MAYANK TIRKEY', 4, 'A', 2016, 1),
(330, '', 21, 'MEGHNA DUBEY', 4, 'A', 2016, 1),
(331, '', 22, 'MOHNISH DUBEY', 4, 'A', 2016, 1),
(332, '', 23, 'NAVEEN BAGHEL', 4, 'A', 2016, 1),
(333, '', 24, 'NISHANT CHHATTANI', 4, 'A', 2016, 1),
(334, '', 25, 'PRAKHAR KARSH', 4, 'A', 2016, 1),
(335, '', 26, 'RAHUL RAMTEKE', 4, 'A', 2016, 1),
(336, '', 27, 'RAJAT RANJAN JHA', 4, 'A', 2016, 1),
(337, '', 28, 'RAKSHIT SAGGAR', 4, 'A', 2016, 1),
(338, '', 29, 'RICHA', 4, 'A', 2016, 1),
(339, '', 30, 'RISHAB PRAVEEN PATEL', 4, 'A', 2016, 1),
(340, '', 31, 'SACHIN KUMAR GOYAL', 4, 'A', 2016, 1),
(341, '', 32, 'SAJAL GUPTA', 4, 'A', 2016, 1),
(342, '', 33, 'SAMARTH SONI', 4, 'A', 2016, 1),
(343, '', 34, 'SAUMYA KUMAR DEWANGAN', 4, 'A', 2016, 1),
(344, '', 35, 'SHALINI SIDAR', 4, 'A', 2016, 1),
(345, '', 36, 'SHATAKSHI PANDEY', 4, 'A', 2016, 1),
(346, '', 37, 'SHIVANK TIWARI ', 4, 'A', 2016, 1),
(347, '', 38, 'SHREYANSH KHANDELWAL', 4, 'A', 2016, 1),
(348, '', 39, 'SHRUTI GUPTA', 4, 'A', 2016, 1),
(349, '', 40, 'SHUBHAM TIWARI', 4, 'A', 2016, 1),
(350, '', 41, 'SONIYA JAIN', 4, 'A', 2016, 1),
(351, '', 42, 'SUJATA RATHORE', 4, 'A', 2016, 1),
(352, '', 43, 'SWAPNIL KUMAR SAHU', 4, 'A', 2016, 1),
(353, '', 44, 'TIKAM KHARE', 4, 'A', 2016, 1),
(354, '', 45, 'UTKARSH CHANDRAKAR', 4, 'A', 2016, 1),
(355, '', 46, 'VIKRANT KHUTEL', 4, 'A', 2016, 1),
(356, '', 47, 'AMIT KUMAR SWARNKAR', 4, 'A', 2016, 1),
(357, '', 48, 'BALRAM SINGH RAJPUT', 4, 'A', 2016, 1),
(358, '', 49, 'CH. MOUNICA REDDY', 4, 'A', 2016, 1),
(359, '', 51, 'UMA SHANKAR\n', 4, 'A', 2016, 1),
(360, '', 57, 'AARCHI AGRAWAL', 4, 'B', 2016, 1),
(361, '', 58, 'ABHISHEK KUMAR', 4, 'B', 2016, 1),
(362, '', 59, 'ADITI RAI', 4, 'B', 2016, 1),
(363, '', 60, 'AKASH MANGAL', 4, 'B', 2016, 1),
(364, '', 61, 'AKSHAY VISHAL EKKA', 4, 'B', 2016, 1),
(365, '', 62, 'ANIL KUMAR PATEL', 4, 'B', 2016, 1),
(366, '', 63, 'ANKIT DAHRIYA', 4, 'B', 2016, 1),
(367, '', 64, 'ANKUR PASHINE', 4, 'B', 2016, 1),
(368, '', 65, 'ANUJA NINAN', 4, 'B', 2016, 1),
(369, '', 66, 'ANURAG TAMRAKAR', 4, 'B', 2016, 1),
(370, '', 67, 'APARAJITA PANDEY', 4, 'B', 2016, 1),
(371, '', 68, 'DEVANSHU BISWAS', 4, 'B', 2016, 1),
(372, '', 69, 'DIVYA SAXENA', 4, 'B', 2016, 1),
(373, '', 70, 'FANINDRA NATH CHOUDHARY', 4, 'B', 2016, 1),
(374, '', 71, 'GODA VAIBHAVI', 4, 'B', 2016, 1),
(375, '', 72, 'HARSH SHUKLA', 4, 'B', 2016, 1),
(376, '', 73, 'JAGMOHAN SAHU', 4, 'B', 2016, 1),
(377, '', 74, 'KHILESH DHRUVE', 4, 'B', 2016, 1),
(378, '', 80, 'KRISHNA PATEL', 4, 'C', 2016, 1),
(379, '', 75, 'LALIT KUMAR SAI PAINKRA', 4, 'B', 2016, 1),
(380, '', 76, 'MEGHANSH KHANNA', 4, 'B', 2016, 1),
(381, '', 82, 'MOHIT KUMAR RANA ', 4, 'C', 2016, 1),
(382, '', 77, 'NAINA PORTE', 4, 'B', 2016, 1),
(383, '', 78, 'NIDHI GUPTA', 4, 'B', 2016, 1),
(384, '', 79, 'POOJA RATRE', 4, 'B', 2016, 1),
(385, '', 80, 'RAHUL DAHARIYA', 4, 'B', 2016, 1),
(386, '', 81, 'RAJA KANWAR', 4, 'B', 2016, 1),
(387, '', 82, 'RAKESH RANJAN', 4, 'B', 2016, 1),
(388, '', 83, 'RAMAN PATEL', 4, 'B', 2016, 1),
(389, '', 84, 'RIPUNJAY SINGH', 4, 'B', 2016, 1),
(390, '', 85, 'RITWIKA CHHURA', 4, 'B', 2016, 1),
(391, '', 86, 'SACHIN KUMAR KARN', 4, 'B', 2016, 1),
(392, '', 87, 'SALONI VASHISTH', 4, 'B', 2016, 1),
(393, '', 88, 'SATENDRA KUMAR', 4, 'B', 2016, 1),
(394, '', 89, 'SHALDAN EKKA', 4, 'B', 2016, 1),
(395, '', 90, 'SHASHANK PANDEY', 4, 'B', 2016, 1),
(396, '', 91, 'SHIKHA BAGHEL', 4, 'B', 2016, 1),
(397, '', 92, 'SHIVANSHU SHARMA', 4, 'B', 2016, 1),
(398, '', 93, 'SHRIYA INDRA GURU', 4, 'B', 2016, 1),
(399, '', 94, 'SHRUTI RATHORE', 4, 'B', 2016, 1),
(400, '', 95, 'SHUBHANGI GUPTA', 4, 'B', 2016, 1),
(401, '', 96, 'SUHANI PANDEY', 4, 'B', 2016, 1),
(402, '', 97, 'TEJASHWINEE GHRITALAHRE', 4, 'B', 2016, 1),
(403, '', 98, 'TUSHAR GUPTA', 4, 'B', 2016, 1),
(404, '', 99, 'VARALI AHUJA', 4, 'B', 2016, 1),
(405, '', 100, 'YASHRAJ SINGH', 4, 'B', 2016, 1),
(406, '', 101, 'AARYAMAAN TIWARI', 4, 'B', 2016, 1),
(407, '', 102, 'AVNEET ANAND', 4, 'B', 2016, 1),
(408, '', 103, 'BHUPENDRA KUMAR SAHU', 4, 'B', 2016, 1),
(409, '', 104, 'RISHABH KANKARIYA', 4, 'B', 2016, 1),
(410, '', 105, 'VIDIT GARG', 4, 'B', 2016, 1),
(411, '', 106, 'GAURAV DEWANGAN', 4, 'B', 2016, 1),
(412, '', 52, 'VARSHA THAKUR\n', 4, 'A', 2016, 1),
(413, '', 53, 'PRANAY CHAVHAN', 4, 'A', 2016, 1),
(414, '', 54, 'BUSHRA YASMIN', 4, 'A', 2016, 1),
(415, '', 55, 'PIYUSH SINGH', 4, 'A', 2016, 1),
(416, '', 56, 'SHUBHAM BHARTI', 4, 'A', 2016, 1),
(417, '', 50, 'KHUSHBOO', 4, 'A', 2016, 1),
(421, '', 107, 'SHAZI AHMED ANSARI', 4, 'B', 2016, 1),
(422, '', 108, 'AISHWARI PRADHAN', 4, 'B', 2016, 1),
(423, '', 109, 'SHWETA ', 4, 'B', 2016, 1),
(424, '', 110, 'JYOTI PRAJAPATI', 4, 'B', 2016, 1),
(425, '', 111, 'R. SHIVANI', 4, 'B', 2016, 1),
(426, '', 112, 'AISHWARYA SONI', 4, 'B', 2016, 1),
(427, '', 113, 'RAJESHWARI SAHU', 4, 'B', 2016, 1),
(428, '', 12, 'jmn', 3, 'A', 2015, 1),
(429, '', 7, 'xzt', 3, 'A', 2017, 1),
(430, '', 4, 'zxr', 3, 'A', 2017, 1);

-- --------------------------------------------------------

--
-- Table structure for table `student_master1`
--

CREATE TABLE `student_master1` (
  `student_id` int(8) NOT NULL,
  `university_rollno` varchar(20) CHARACTER SET utf8 NOT NULL,
  `class_roll` int(3) DEFAULT NULL,
  `student_name` varchar(27) CHARACTER SET utf8 DEFAULT NULL,
  `semester` int(1) DEFAULT NULL,
  `section` varchar(1) CHARACTER SET utf8 DEFAULT NULL,
  `batch` int(4) DEFAULT NULL,
  `class_batch` int(2) NOT NULL DEFAULT '1'
) ENGINE=InnoDB DEFAULT CHARSET=latin1;

--
-- Dumping data for table `student_master1`
--

INSERT INTO `student_master1` (`student_id`, `university_rollno`, `class_roll`, `student_name`, `semester`, `section`, `batch`, `class_batch`) VALUES
(1, '300102216001', 1, 'AAKANSHA ARORA', 4, 'A', 2016, 1),
(2, '300102216003', 2, 'AAYUSH SHARMA', 4, 'A', 2016, 1),
(3, '300102216005', 3, 'ABHISHEK SAHU', 4, 'A', 2016, 1),
(4, '300102216007', 4, 'AJAY NAGDEO', 4, 'A', 2016, 1),
(5, '300102216009', 5, 'AKASH SAHU', 4, 'A', 2016, 1),
(6, '300102216011', 6, 'AMAN SHRIVASTAV', 4, 'A', 2016, 1),
(7, '300102216013', 7, 'ANKIT CHANDRAKAR', 4, 'A', 2016, 1),
(8, '300102216015', 8, 'ANKIT THAKUR', 4, 'A', 2016, 1),
(9, '300102216017', 9, 'ANSH BHAWNANI', 4, 'A', 2016, 1),
(10, '300102216019', 10, 'ANURAG DEEP KUJUR', 4, 'A', 2016, 1),
(11, '300102216021', 11, 'APOORVA SAXENA', 4, 'A', 2016, 1),
(12, '300102216023', 12, 'ARPAN TEWARI', 4, 'A', 2016, 1),
(13, '300102216025', 13, 'DIVYA MESHRAM', 4, 'A', 2016, 1),
(14, '300102216029', 14, 'GAURAV THAKUR', 4, 'A', 2016, 1),
(15, '300102216031', 15, 'GOVIND KUMAR', 4, 'A', 2016, 1),
(16, '300102216033', 16, 'ISHAAN MISHRA', 4, 'A', 2016, 1),
(17, '300102216035', 17, 'JAIDEEP GUPTA', 4, 'A', 2016, 1),
(18, '300102216037', 18, 'KHYATI PATIL', 4, 'A', 2016, 1),
(19, '300102216039', 19, 'KU NALESH', 4, 'A', 2016, 1),
(20, '300102216041', 20, 'MAYANK TIRKEY', 4, 'A', 2016, 1),
(21, '300102216043', 21, 'MEGHNA DUBEY', 4, 'A', 2016, 1),
(22, '300102216045', 22, 'MOHNISH BHAGAT', 4, 'A', 2016, 1),
(23, '300102216047', 23, 'NAVEEN BAGHEL', 4, 'A', 2016, 1),
(24, '300102216049', 24, 'NISHANT CHHATTANI', 4, 'A', 2016, 1),
(25, '300102216051', 25, 'PRAKHAR KARSH', 4, 'A', 2016, 1),
(26, '300102216053', 26, 'RAHUL RAMTEKE', 4, 'A', 2016, 1),
(27, '300102216055', 27, 'RAJAT RANJAN JHA', 4, 'A', 2016, 1),
(28, '300102216059', 28, 'RICHA', 4, 'A', 2016, 1),
(29, '300102216061', 29, 'RISHABH PRAVEEN PATEL', 4, 'A', 2016, 1),
(30, '300102216063', 30, 'SACHIN KUMAR GOYAL', 4, 'A', 2016, 1),
(31, '300102216065', 31, 'SAJAL GUPTA', 4, 'A', 2016, 1),
(32, '300102216067', 32, 'SAMARTH SONI', 4, 'A', 2016, 1),
(33, '300102216069', 33, 'SAUMYA KUMAR DEWANGAN', 4, 'A', 2016, 1),
(34, '300102216071', 34, 'SHALINI SIDAR', 4, 'A', 2016, 1),
(35, '300102216073', 35, 'SHATAKSHI PANDEY', 4, 'A', 2016, 1),
(36, '300102216075', 36, 'SHIVANK TIWARI', 4, 'A', 2016, 1),
(37, '300102216077', 37, 'SHREYANSH KHANDELWAL', 4, 'A', 2016, 1),
(38, '300102216079', 38, 'SHRUTI GUPTA', 4, 'A', 2016, 1),
(39, '300102216081', 39, 'SHUBHAM TIWARI', 4, 'A', 2016, 1),
(40, '300102216083', 40, 'SONIYA JAIN', 4, 'A', 2016, 1),
(41, '300102216085', 41, 'SUJATA RATHORE', 4, 'A', 2016, 1),
(42, '300102216087', 42, 'SWAPNIL KUMAR SAHU', 4, 'A', 2016, 1),
(43, '300102216089', 43, 'TIKAM KHARE', 4, 'A', 2016, 1),
(44, '300102216091', 44, 'UTKARSH CHANDRAKAR', 4, 'A', 2016, 1),
(45, '300102216093', 45, 'VIKRANT KHUTEL', 4, 'A', 2016, 1),
(46, '300102216103', 46, 'AMIT KUMAR SWARNKAR ', 4, 'A', 2016, 1),
(47, '300102216105', 47, 'BALRAM SINGH RAJPUT ', 4, 'A', 2016, 1),
(48, '300102216107', 48, 'CH. MOUNICA REDDY ', 4, 'A', 2016, 1),
(49, '300102216111', 49, 'KHUSHBOO', 4, 'A', 2016, 1),
(50, '300102217303', 50, 'BUSHRA YASMIN', 4, 'A', 2016, 1),
(51, '300102217305', 51, 'PIYUSH SINGH', 4, 'A', 2016, 1),
(52, '300102217308', 52, 'SHUBHAM BHARTI', 4, 'A', 2016, 1),
(53, '300102217310', 53, 'UMA SHANKAR', 4, 'A', 2016, 1),
(54, '300102217311', 54, 'VARSHA THAKUR', 4, 'A', 2016, 1),
(55, '300102216002', 55, 'AARCHI AGRAWAL', 4, 'A', 2016, 1),
(56, '300102216004', 56, 'ABHISHEK KUMAR', 4, 'A', 2016, 1),
(57, '300102216006', 57, 'ADITI RAI', 4, 'A', 2016, 1),
(58, '300102216008', 58, 'AKASH MANGAL', 4, 'A', 2016, 1),
(59, '300102216010', 59, 'AKSHAY VISHAL EKKA', 4, 'A', 2016, 1),
(60, '300102216012', 60, 'ANIL KUMAR PATEL', 4, 'A', 2016, 1),
(61, '300102216014', 61, 'ANKIT DAHRIYA', 4, 'A', 2016, 1),
(62, '300102216016', 62, 'ANKUR PASHINE', 4, 'A', 2016, 1),
(63, '300102216018', 63, 'ANUJA NINAN', 4, 'A', 2016, 1),
(64, '300102216020', 64, 'ANURAG TAMRAKAR', 4, 'A', 2016, 1),
(65, '300102216022', 65, 'APRAJITA PANDEY', 4, 'A', 2016, 1),
(66, '300102216024', 66, 'DEVANSHU BISWAS', 4, 'A', 2016, 1),
(67, '300102216026', 67, 'DIVYA SAXENA', 4, 'A', 2016, 1),
(68, '300102216028', 68, 'FANINDRA NATH CHOUDHARY', 4, 'A', 2016, 1),
(69, '300102216030', 69, 'GODA VAIBHAVI', 4, 'A', 2016, 1),
(70, '300102216032', 70, 'HARSH SHUKLA', 4, 'A', 2016, 1),
(71, '300102216034', 71, 'JAGMOHAN SAHU', 4, 'A', 2016, 1),
(72, '300102216036', 72, 'KHILESH DHURVE', 4, 'A', 2016, 1),
(73, '300102216040', 73, 'LALIT KUMAR SAI PAINKRA', 4, 'A', 2016, 1),
(74, '300102216042', 74, 'MEGHANSH KHANNA', 4, 'A', 2016, 1),
(75, '300102216046', 75, 'NAINA PORTE', 4, 'A', 2016, 1),
(76, '300102216048', 76, 'NIDHI GUPTA', 4, 'A', 2016, 1),
(77, '300102216050', 77, 'POOJA RATRE', 4, 'A', 2016, 1),
(78, '300102216052', 78, 'RAHUL DAHARIYA', 4, 'A', 2016, 1),
(79, '300102216054', 79, 'RAJA KANWAR', 4, 'A', 2016, 1),
(80, '300102216056', 80, 'RAKESH RANJAN', 4, 'A', 2016, 1),
(81, '300102216058', 81, 'RAMAN PATEL', 4, 'A', 2016, 1),
(82, '300102216060', 82, 'RIPUNJAY SINGH', 4, 'A', 2016, 1),
(83, '300102216062', 83, 'RITWIKA CHHURA', 4, 'A', 2016, 1),
(84, '300102216064', 84, 'SACHIN KUMAR KARN', 4, 'A', 2016, 1),
(85, '300102216066', 85, 'SALONI VASHISTH', 4, 'A', 2016, 1),
(86, '300102216068', 86, 'SATENDRA KUMAR', 4, 'A', 2016, 1),
(87, '300102216070', 87, 'SHALDAN EKKA', 4, 'A', 2016, 1),
(88, '300102216072', 88, 'SHASHANK PANDEY', 4, 'A', 2016, 1),
(89, '300102216074', 89, 'SHIKHA BAGHEL', 4, 'A', 2016, 1),
(90, '300102216076', 90, 'SHIVANSHU SHARMA', 4, 'A', 2016, 1),
(91, '300102216078', 91, 'SHRIYA INDRA GURU', 4, 'A', 2016, 1),
(92, '300102216080', 92, 'SHRUTI RATHORE', 4, 'A', 2016, 1),
(93, '300102216082', 93, 'SHUBHANGI GUPTA', 4, 'A', 2016, 1),
(94, '300102216084', 94, 'SUHANI PANDEY', 4, 'A', 2016, 1),
(95, '300102216088', 95, 'TEJASWINEE GHRITALAHRE', 4, 'A', 2016, 1),
(96, '300102216090', 96, 'TUSHAR GUPTA', 4, 'A', 2016, 1),
(97, '300102216092', 97, 'VARALI AHUJA', 4, 'A', 2016, 1),
(98, '300102216094', 98, 'YASHRAJ SINGH', 4, 'A', 2016, 1),
(99, '300102216102', 99, 'AARYAMAAN TIWARI ', 4, 'A', 2016, 1),
(100, '300102216104', 100, 'AVNEET ANAND ', 4, 'A', 2016, 1),
(101, '300102216106', 101, 'BHUPENDRA KUMAR SAHU ', 4, 'A', 2016, 1),
(102, '300102216108', 102, 'RISHABH KANKARIYA ', 4, 'A', 2016, 1),
(103, '300102216110', 103, 'VIDIT GARG ', 4, 'A', 2016, 1),
(104, '300102216112', 104, 'GAURAV DEWANGAN', 4, 'A', 2016, 1),
(105, '300102216113', 105, 'SHAZI AHMED ANSARI', 4, 'A', 2016, 1),
(106, '300102217301', 106, 'AISHWARI PRADHAN', 4, 'A', 2016, 1),
(107, '300102217302', 107, 'AISHWARYA SONI', 4, 'A', 2016, 1),
(108, '300102217304', 108, 'JYOTI PRAJAPATI', 4, 'A', 2016, 1),
(109, '300102217306', 109, 'R. SHIVANI', 4, 'A', 2016, 1),
(110, '300102217307', 110, 'RAJESHWARI SAHU', 4, 'A', 2016, 1),
(111, '300102217309', 111, 'SHWETA ', 4, 'A', 2016, 1),
(219, 'university_rollno', 0, 'student_name', 0, 's', 0, 1),
(220, '3012215001', 1, 'AAKANSHA SINGH', 6, 'A', 2015, 1),
(221, '3012215005', 2, 'ADHIKARLA SHIRISHA', 6, 'A', 2015, 1),
(222, '3012215007', 3, 'ADITI VERMA', 6, 'A', 2015, 1),
(223, '3012215009', 4, 'AKANKSHA LAKRA', 6, 'A', 2015, 1),
(224, '3012215011', 5, 'AKANSHA TOPPO', 6, 'A', 2015, 1),
(225, '3012215013', 6, 'AKSHAT AMAN', 6, 'A', 2015, 1),
(226, '3012215015', 7, 'AMIT KUMAR CHOUDHARY', 6, 'A', 2015, 1),
(227, '3012215019', 8, 'ANKISH GUPTA', 6, 'A', 2015, 1),
(228, '3012215023', 9, 'ANSHUL JAISWAL', 6, 'A', 2015, 1),
(229, '3012215025', 10, 'ANUSHKA CHATURVEDI', 6, 'A', 2015, 1),
(230, '3012215027', 11, 'ASHISH EKKA', 6, 'A', 2015, 1),
(231, '3012215029', 12, 'ASHUTOSH DHRUW', 6, 'A', 2015, 1),
(232, '3012215031', 13, 'AVANTIKA MISHRA', 6, 'A', 2015, 1),
(233, '3012215033', 14, 'BARNADISH SINGH SONWANI', 6, 'A', 2015, 1),
(234, '3012215037', 15, 'CHINMAY CHOUDHARY', 6, 'A', 2015, 1),
(235, '3012215039', 16, 'DEEPANSHU AGRAWAL', 6, 'A', 2015, 1),
(236, '3012215041', 17, 'GAURAV TRIPATHI', 6, 'A', 2015, 1),
(237, '3012215043', 18, 'GOVIND PRASAD', 6, 'A', 2015, 1),
(238, '3012215045', 19, 'HITESH KUMAR', 6, 'A', 2015, 1),
(239, '3012215047', 20, 'JAYESH PATEL', 6, 'A', 2015, 1),
(240, '3012215049', 21, 'KHYATI NETAM', 6, 'A', 2015, 1),
(241, '3012215051', 22, 'LOKESH RAMGOPAL KASHYAP', 6, 'A', 2015, 1),
(242, '3012215053', 23, 'MERWIN G RAJAN', 6, 'A', 2015, 1),
(243, '3012215055', 24, 'MURAHARI PRITHVI YASH', 6, 'A', 2015, 1),
(244, '3012215057', 25, 'NIRAJ BARWA', 6, 'A', 2015, 1),
(245, '3012215059', 26, 'NISHTHA GUPTA', 6, 'A', 2015, 1),
(246, '3012215061', 27, 'NITISH NETAM', 6, 'A', 2015, 1),
(247, '3012215063', 28, 'PRABHDEET KAUR SACHDEV', 6, 'A', 2015, 1),
(248, '3012215067', 29, 'PRATEEKSHA SHUKLA', 6, 'A', 2015, 1),
(249, '3012215069', 30, 'PRIYANSH BRANNEN LALL', 6, 'A', 2015, 1),
(250, '3012215071', 31, 'RAHUL KUMAR SAHU', 6, 'A', 2015, 1),
(251, '3012215073', 32, 'RAJKISHORE SINGH TANDAN', 6, 'A', 2015, 1),
(252, '3012215075', 33, 'RAVI KUMAR DEWANGAN', 6, 'A', 2015, 1),
(253, '3012215077', 34, 'RISHABH AGRAWAL', 6, 'A', 2015, 1),
(254, '3012215079', 35, 'RITESH KUMAR DHRUW', 6, 'A', 2015, 1),
(255, '3012215081', 36, 'ROHIT JHA', 6, 'A', 2015, 1),
(256, '3012215082', 37, 'SAMPATTI DINESH METKAR', 6, 'A', 2015, 1),
(257, '3012215083', 38, 'SHIKHA PANDEY', 6, 'A', 2015, 1),
(258, '3012215085', 39, 'SHIVANI SAHU', 6, 'A', 2015, 1),
(259, '3012215087', 40, 'SIMARJEET SINGH', 6, 'A', 2015, 1),
(260, '3012215089', 41, 'SONALI PAUL', 6, 'A', 2015, 1),
(261, '3012215091', 42, 'SUMAN ANAND', 6, 'A', 2015, 1),
(262, '3012215095', 43, 'TIMIRASH DUBEY', 6, 'A', 2015, 1),
(263, '3012215097', 44, 'VIKAS RAWATE', 6, 'A', 2015, 1),
(264, '3012215099', 45, 'VINAY KUMAR HEERA', 6, 'A', 2015, 1),
(265, '3012215101', 46, 'YOGESH BHAIYA', 6, 'A', 2015, 1),
(266, '3012215103', 47, 'SHIVANI BHATIA', 6, 'A', 2015, 1),
(267, '3012215104', 48, 'SOMESH KUMAR SINGH', 6, 'A', 2015, 1),
(268, '3.00102E+11', 49, 'AMIT SINHA', 6, 'A', 2015, 1),
(269, '3.00102E+11', 50, 'DIVYA DANSENA', 6, 'A', 2015, 1),
(270, '3.00102E+11', 51, 'LOKESH SINGH', 6, 'A', 2015, 1),
(271, '3.00102E+11', 52, 'RAJASHREE ROY', 6, 'A', 2015, 1),
(272, '3.00102E+11', 53, 'SEEMA RAJWADE', 6, 'A', 2015, 1),
(273, '3.00102E+11', 54, 'ADITI ', 6, 'A', 2015, 1),
(274, '3.00102E+11', 55, 'AKANSHA SHUKLA', 6, 'A', 2015, 1),
(275, '3012213062', 56, 'RASHI MISHRA', 6, 'B', 2015, 1),
(276, '3012215002', 57, 'AAYUSH VERMA', 6, 'B', 2015, 1),
(277, '3012215003', 58, 'ABHINAV TIWARI', 6, 'B', 2015, 1),
(278, '3012215004', 59, 'ABHISHEK BHOWMICK', 6, 'B', 2015, 1),
(279, '3012215006', 60, 'ADITI SONI', 6, 'B', 2015, 1),
(280, '3012215008', 61, 'ADITYA MOHAN GUPTA', 6, 'B', 2015, 1),
(281, '3012215010', 62, 'AKANSHA BHAGWANI', 6, 'B', 2015, 1),
(282, '3012215012', 63, 'AKSHAT AGRAWAL', 6, 'B', 2015, 1),
(283, '3012215014', 64, 'ALOK PATEL', 6, 'B', 2015, 1),
(284, '3012215018', 65, 'ANJANI KUMAR SINGH', 6, 'B', 2015, 1),
(285, '3012215020', 66, 'ANKIT JAISWAL', 6, 'B', 2015, 1),
(286, '3012215022', 67, 'ANKIT KUMAR SAHU', 6, 'B', 2015, 1),
(287, '3012215024', 68, 'ANUJA XALXO', 6, 'B', 2015, 1),
(288, '3012215028', 69, 'ASHITA MAKKAD', 6, 'B', 2015, 1),
(289, '3012215030', 70, 'ATUL BUNKAR', 6, 'B', 2015, 1),
(290, '3012215032', 71, 'AYUSH AGRAWAL', 6, 'B', 2015, 1),
(291, '3012215034', 72, 'BRIJESH KUMAR MARKANDEY', 6, 'B', 2015, 1),
(292, '3012215036', 73, 'CHETNA THAKUR', 6, 'B', 2015, 1),
(293, '3012215038', 74, 'DANESH KUMAR', 6, 'B', 2015, 1),
(294, '3012215040', 75, 'DIVYA MANDGE', 6, 'B', 2015, 1),
(295, '3012215042', 76, 'GEORGE KUJUR', 6, 'B', 2015, 1),
(296, '3012215044', 77, 'HEMANT KUMAR THAKUR', 6, 'B', 2015, 1),
(297, '3012215046', 78, 'JAI KUMAR YADAV', 6, 'B', 2015, 1),
(298, '3012215048', 79, 'JITESH KUMAR DEWANGAN', 6, 'B', 2015, 1),
(299, '3012215050', 80, 'KUMARI SAROJ SINGH', 6, 'B', 2015, 1),
(300, '3012215052', 81, 'MALAY BHARTI', 6, 'B', 2015, 1),
(301, '3012215054', 82, 'MONIKA BHOIR', 6, 'B', 2015, 1),
(302, '3012215056', 83, 'NANDANI KANWAR', 6, 'B', 2015, 1),
(303, '3012215058', 84, 'NISHANT CELESTIN TIRKEY', 6, 'B', 2015, 1),
(304, '3012215060', 85, 'NITIN KUMAR MANKAR', 6, 'B', 2015, 1),
(305, '3012215062', 86, 'PARVINDER SINGH', 6, 'B', 2015, 1),
(306, '3012215064', 87, 'PRAKHAR KOTHARI', 6, 'B', 2015, 1),
(307, '3012215066', 88, 'PRASHANT BANJARE', 6, 'B', 2015, 1),
(308, '3012215068', 89, 'PRIYA SHARMA', 6, 'B', 2015, 1),
(309, '3012215070', 90, 'PULKIT TIWARI', 6, 'B', 2015, 1),
(310, '3012215072', 91, 'RAHUL MANGTANI', 6, 'B', 2015, 1),
(311, '3012215074', 92, 'RASHI VARSHNEY', 6, 'B', 2015, 1),
(312, '3012215076', 93, 'RICHA JAGYASI', 6, 'B', 2015, 1),
(313, '3012215078', 94, 'RISHI NAMDEO', 6, 'B', 2015, 1),
(314, '3012215080', 95, 'RITIK  KAKWANI', 6, 'B', 2015, 1),
(315, '3012215084', 96, 'SHIRSH RAJ MAURYA', 6, 'B', 2015, 1),
(316, '3012215086', 97, 'SIDDHARTH JAIN', 6, 'B', 2015, 1),
(317, '3012215088', 98, 'SOMALI PRAMANIK', 6, 'B', 2015, 1),
(318, '3012215090', 99, 'SRISHTI KHOBRAGADE', 6, 'B', 2015, 1),
(319, '3012215092', 100, 'SWARIL SINGHAL', 6, 'B', 2015, 1),
(320, '3012215094', 101, 'TARUN KUMAR PATEL', 6, 'B', 2015, 1),
(321, '3012215096', 102, 'VIJIT VAJPAYEE', 6, 'B', 2015, 1),
(322, '3012215098', 103, 'VINAYKANT', 6, 'B', 2015, 1),
(323, '3012215102', 104, 'YUVRAJ SINGH BHANU', 6, 'B', 2015, 1),
(324, '3012215105', 105, 'RESHU PANDEY', 6, 'B', 2015, 1),
(325, '300102216305', 106, 'SATANAND', 6, 'B', 2015, 1),
(326, '3012214071', 107, 'DHRUW SHEKHAR', 6, 'B', 2015, 1),
(327, '3012214061', 1, 'AAMOD VYAS', 8, 'A', 2014, 1),
(328, '3012214001', 2, 'ABHISHEK BANERJEE', 8, 'A', 2014, 1),
(329, '3012214003', 3, 'ADITI CHANDRAVANSHI', 8, 'A', 2014, 1),
(330, '3012214063', 4, 'AKANSHA KINDO', 8, 'A', 2014, 1),
(331, '3012214004', 5, 'ANKITA DAS', 8, 'A', 2014, 1),
(332, '3012214005', 6, 'ANURADHA KUMARI', 8, 'A', 2014, 1),
(333, '3012212013', 7, 'ASHUTOSH VERMA', 8, 'A', 2014, 1),
(334, '3012214007', 8, 'CHIRAYU KALE', 8, 'A', 2014, 1),
(335, '3012214069', 9, 'DEVNARAYAN', 8, 'A', 2014, 1),
(336, '3012214011', 10, 'DIVYA GUPTA', 8, 'A', 2014, 1),
(337, '3012214075', 11, 'JEYRASHI JOHANA', 8, 'A', 2014, 1),
(338, '3012214077', 12, 'KOMAL GUPTA', 8, 'A', 2014, 1),
(339, '3012214065', 13, 'Ku APARNA MAZUMDAR', 8, 'A', 2014, 1),
(340, '3012214017', 14, 'MANHARAN LAL THAKUR (PR)', 8, 'A', 2014, 1),
(341, '3012214019', 15, 'MOHNISH KUMAR SINHA', 8, 'A', 2014, 1),
(342, '3012214079', 16, 'MONIKA NETAM', 8, 'A', 2014, 1),
(343, '3012214081', 17, 'NUPUR JAIN', 8, 'A', 2014, 1),
(344, '3012214027', 18, 'PRAKHAR SONWANI (PR)', 8, 'A', 2014, 1),
(345, '3012214083', 19, 'PRIYA THAKUR', 8, 'A', 2014, 1),
(346, '3012214029', 20, 'RAGHUVEER SINGH KUSHWAHA', 8, 'A', 2014, 1),
(347, '3012214085', 21, 'RAHUL PANDEY', 8, 'A', 2014, 1),
(348, '3012214031', 22, 'RIYA SINGH', 8, 'A', 2014, 1),
(349, '3012214035', 23, 'SAPNA BHAGAT', 8, 'A', 2014, 1),
(350, '3012214037', 24, 'SHAILI GUPTA', 8, 'A', 2014, 1),
(351, '3012214041', 25, 'SHREYA SHARMA', 8, 'A', 2014, 1),
(352, '3012214042', 26, 'SHREYANSH JAIN', 8, 'A', 2014, 1),
(353, '3012214045', 27, 'SHUBHAM DEWANGAN', 8, 'A', 2014, 1),
(354, '3012214047', 28, 'SIMMI AGARAWAL', 8, 'A', 2014, 1),
(355, '3012214049', 29, 'SOUMITA KUNDU', 8, 'A', 2014, 1),
(356, '3012214051', 30, 'SWATI RAI', 8, 'A', 2014, 1),
(357, '3012214053', 31, 'TANAY GUPTA', 8, 'A', 2014, 1),
(358, '3012214054', 32, 'TRIPTI GUPTA', 8, 'A', 2014, 1),
(359, '3012214057', 33, 'V V VINAY', 8, 'A', 2014, 1),
(360, '3012214091', 34, 'VARUN DUBEY', 8, 'A', 2014, 1),
(361, '3012214055', 35, 'VIKRAM KUMAR', 8, 'A', 2014, 1),
(362, '3012214094', 36, 'VIVEK THAKUR', 8, 'A', 2014, 1),
(363, '3012214059', 37, 'YAMESH KUMAR CHANDRAWANSHI', 8, 'A', 2014, 1),
(364, '3012214312', 38, 'ARPITA MAHAJAN', 8, 'A', 2014, 1),
(365, '3012214311', 39, 'AKSHAY SHUKLA', 8, 'A', 2014, 1),
(366, '3012214305', 40, 'PALLAVI CHANDRAKAR', 8, 'A', 2014, 1),
(367, '3012214307', 41, 'SHUBHAM KUMAR SAHU', 8, 'A', 2014, 1),
(368, '3012214303', 42, 'ABHISHEK KUMAR', 8, 'A', 2014, 1),
(369, '3012214095', 43, 'MANISHA VERMA', 8, 'A', 2014, 1),
(370, '3012214097', 44, 'HIMANSHU PATEL', 8, 'A', 2014, 1),
(371, '3012214098', 45, 'G. ASHWINI', 8, 'A', 2014, 1),
(372, '3012214304', 46, 'NEELASKI DEWANGAN', 8, 'A', 2014, 1),
(373, '3012214309', 47, 'SUPRIYA DEWANGAN', 8, 'A', 2014, 1),
(374, '3012214308', 48, 'SULEKHA ', 8, 'A', 2014, 1),
(375, '3012214306', 49, 'RAVINDRA KUMAR', 8, 'A', 2014, 1),
(376, '3012214301', 50, 'LOKNATH KUMAR (PR)', 8, 'A', 2014, 1),
(377, '3012214314', 51, 'SONAM GUPTA', 8, 'A', 2014, 1),
(378, '3012214315', 52, 'SWETA GUPTA', 8, 'A', 2014, 1),
(379, '3012214060', 53, 'AAKRITI THAWRE', 8, 'B', 2014, 1),
(380, '3012214002', 54, 'ADHISH KRISHN', 8, 'B', 2014, 1),
(381, '3012214062', 55, 'AJIT KUMAR GUPTA', 8, 'B', 2014, 1),
(382, '3012214064', 56, 'AKASH BANSAL', 8, 'B', 2014, 1),
(383, '3012214066', 57, 'APURVA SHRIVASTAVA', 8, 'B', 2014, 1),
(384, '3012214006', 58, 'CHHAVIKANT MALIA', 8, 'B', 2014, 1),
(385, '3012214008', 59, 'DARSHITA JAIN', 8, 'B', 2014, 1),
(386, '3012214010', 60, 'DENNIS S CHERIAN', 8, 'B', 2014, 1),
(387, '3012214068', 61, 'DEVIDAS PRINCE SHARMA', 8, 'B', 2014, 1),
(388, '3012214070', 62, 'DHANANJAY NETAM (PR)', 8, 'B', 2014, 1),
(389, '3012214012', 63, 'DIVYANSH SHRIVASTAVA', 8, 'B', 2014, 1),
(390, '3012214072', 64, 'DOLLY VAISHNAV', 8, 'B', 2014, 1),
(391, '3012214073', 65, 'GAJENDRA KUMAR MONGRE', 8, 'B', 2014, 1),
(392, '3012214014', 66, 'HARISH KUMAR', 8, 'B', 2014, 1),
(393, '3012214015', 67, 'HIMANSHU BHUARYA', 8, 'B', 2014, 1),
(394, '3012214074', 68, 'JAIDEEP SINGH SANDHU', 8, 'B', 2014, 1),
(395, '3012214076', 69, 'JIGYASHA GUPTA', 8, 'B', 2014, 1),
(396, '3012214016', 70, 'KAJAL DHRUW', 8, 'B', 2014, 1),
(397, '3012214078', 71, 'MAYANK PATLEY', 8, 'B', 2014, 1),
(398, '3012214018', 72, 'MEHAM CHANDRAVANSHI', 8, 'B', 2014, 1),
(399, '3012214020', 73, 'MONIKA THAKUR', 8, 'B', 2014, 1),
(400, '3012214080', 74, 'NIMISHA R MATHEW', 8, 'B', 2014, 1),
(401, '3012214024', 75, 'OJASVI THAKUR', 8, 'B', 2014, 1),
(402, '3012214025', 76, 'PANKHUDI SHRIVASTAVA', 8, 'B', 2014, 1),
(403, '3012214026', 77, 'PARUL BAWA', 8, 'B', 2014, 1),
(404, '3012214082', 78, 'PRAJAKTA TAWRI', 8, 'B', 2014, 1),
(405, '3012214028', 79, 'PRIYANKA RANI GUPTA', 8, 'B', 2014, 1),
(406, '3012214084', 80, 'PUSHPENDRA PRASAD NAYAK', 8, 'B', 2014, 1),
(407, '3012214086', 81, 'RICHA SHRIVASTAVA', 8, 'B', 2014, 1),
(408, '3012214032', 82, 'RUBI SAHU', 8, 'B', 2014, 1),
(409, '3012214034', 83, 'SACHIN KUMAR', 8, 'B', 2014, 1),
(410, '3012214036', 84, 'SAUBHAGYA SAHU', 8, 'B', 2014, 1),
(411, '3012214038', 85, 'SHILPA JAIN', 8, 'B', 2014, 1),
(412, '3012214087', 86, 'SHILPI AGRAWAL', 8, 'B', 2014, 1),
(413, '3012214039', 87, 'SHILPI SONI', 8, 'B', 2014, 1),
(414, '3012214040', 88, 'SHREEJITA DUTTA', 8, 'B', 2014, 1),
(415, '3012214043', 89, 'SHREYAS SANJAY AYADE', 8, 'B', 2014, 1),
(416, '3012214044', 90, 'SHRUTI RANA', 8, 'B', 2014, 1),
(417, '3012214046', 91, 'SHUBHAM KUMAR SHARMA', 8, 'B', 2014, 1),
(418, '3012214048', 92, 'SOMESH GANGULY', 8, 'B', 2014, 1),
(419, '3012214050', 93, 'SWAPNIL TOPPO', 8, 'B', 2014, 1),
(420, '3012214089', 94, 'SWATI JAISWAL', 8, 'B', 2014, 1),
(421, '3012214052', 95, 'TAKESH KATLAM', 8, 'B', 2014, 1),
(422, '3012214090', 96, 'VAIBHAV BHARUKA', 8, 'B', 2014, 1),
(423, '3012214092', 97, 'VIRAJ S ADESARA', 8, 'B', 2014, 1),
(424, '3012214093', 98, 'VIVEK DINKAR', 8, 'B', 2014, 1),
(425, '3012214058', 99, 'Y PUJA', 8, 'B', 2014, 1),
(426, '3012214096', 100, 'CHANDRAKANT BHOIR', 8, 'B', 2014, 1),
(427, '3012214302', 101, 'MAHESHWAR PRASAD SINGH', 8, 'B', 2014, 1),
(428, '3012214099', 102, 'SHAKSHI DUBEY', 8, 'B', 2014, 1),
(429, '3012214310', 103, 'AJAY KUMAR', 8, 'B', 2014, 1),
(430, '3012214313', 104, 'SABA  AAFRIN', 8, 'B', 2014, 1),
(431, '3012214316', 105, 'ANJU PANDEY', 8, 'B', 2014, 1),
(432, '3012214317', 106, 'VARUN SOOD', 8, 'B', 2014, 1);

-- --------------------------------------------------------

--
-- Table structure for table `subject_master`
--

CREATE TABLE `subject_master` (
  `subject_id` int(11) NOT NULL,
  `subject_name` varchar(25) NOT NULL,
  `semester` int(11) NOT NULL,
  `either_batch` int(1) NOT NULL DEFAULT '0'
) ENGINE=InnoDB DEFAULT CHARSET=latin1;

--
-- Dumping data for table `subject_master`
--

INSERT INTO `subject_master` (`subject_id`, `subject_name`, `semester`, `either_batch`) VALUES
(1, 'M 3', 3, 0),
(2, 'CS', 3, 0),
(3, 'DELD ', 3, 0),
(4, 'BE', 3, 0),
(5, 'PSLB', 3, 0),
(6, 'CCWT', 3, 0),
(7, 'DELD LAB', 3, 1),
(8, 'BE LAB', 3, 1),
(9, 'PSLB LAB', 3, 1),
(10, 'CCWT LAB', 3, 1),
(21, 'CM', 4, 0),
(22, 'DMS', 4, 0),
(23, 'CSA', 4, 0),
(24, 'DS', 4, 0),
(25, 'OOPS', 4, 0),
(26, 'OS', 4, 0),
(27, 'H/W LAB', 4, 1),
(28, 'GUI LAB', 4, 1),
(29, 'DS LAB', 4, 1),
(30, 'OOPS LAB', 4, 1),
(41, 'MP', 5, 0),
(42, 'ADA', 5, 0),
(43, 'JAVA', 5, 0),
(44, 'TOC', 5, 0),
(45, 'USP', 5, 0),
(46, 'DBMS', 5, 0),
(47, 'MP LAB', 5, 1),
(48, 'JAVA LAB', 5, 1),
(49, 'USP LAB', 5, 1),
(50, 'DBMS LAB', 5, 1),
(61, 'CN', 6, 0),
(62, 'CD', 6, 0),
(63, 'ERP', 6, 0),
(64, 'SEPM', 6, 0),
(65, 'CG', 6, 0),
(66, 'PE1', 6, 0),
(67, 'CN LAB', 6, 1),
(68, 'SEPM LAB', 6, 1),
(69, 'CG LAB', 6, 1),
(70, 'A. JAVA LAB', 6, 1),
(81, 'MCA', 7, 0),
(82, 'PPC', 7, 0),
(83, 'NP', 7, 0),
(84, 'CNS', 7, 0),
(85, 'PE2/CC', 7, 0),
(86, 'SC LAB', 7, 1),
(87, 'NP LAB', 7, 1),
(88, 'ANDROID LAB', 7, 1),
(89, 'MINOR PROJECT', 7, 1),
(99, 'AIES', 8, 0),
(100, 'DMW', 8, 0),
(101, 'CYBER SECURITY', 8, 0),
(102, 'PE-3', 8, 0),
(103, 'OE4', 8, 0),
(104, 'AIES LAB', 8, 1),
(105, 'NS LAB', 8, 1),
(106, 'ST LAB', 8, 1),
(107, 'MAJOR PROJECT', 8, 1),
(118, 'VE', 3, 0),
(119, 'YOGA', 4, 0),
(121, 'PD', 5, 0),
(123, 'MS', 6, 0),
(125, 'IES', 7, 0),
(127, 'DMS-TUTORIAL', 4, 1),
(128, 'DS-TUTORIAL', 4, 1),
(129, 'CSA-TUTORIAL', 4, 1),
(130, 'CM-TUTORIAL', 4, 1),
(131, 'OOPS-TUTRIAL', 4, 1),
(132, 'TCP-TUTORIAL', 6, 1),
(133, 'SEPM-TUTORIAL', 6, 1),
(134, 'CN-TUTORIAL', 6, 1),
(135, 'CD-TUTORIAL', 6, 1),
(136, 'CG-TUTORIAL', 6, 1);

-- --------------------------------------------------------

--
-- Table structure for table `teacher_subject_relation`
--

CREATE TABLE `teacher_subject_relation` (
  `tsrelation_id` int(11) NOT NULL,
  `subject_id` int(11) NOT NULL,
  `teacher_id` int(11) NOT NULL,
  `section` varchar(2) NOT NULL,
  `batch` int(1) DEFAULT NULL
) ENGINE=InnoDB DEFAULT CHARSET=latin1;

--
-- Dumping data for table `teacher_subject_relation`
--

INSERT INTO `teacher_subject_relation` (`tsrelation_id`, `subject_id`, `teacher_id`, `section`, `batch`) VALUES
(75, 61, 2, 'B', NULL),
(76, 62, 2, 'B', NULL),
(77, 63, 2, 'B', NULL),
(78, 64, 2, 'B', NULL),
(79, 65, 2, 'B', NULL),
(80, 66, 2, 'B', NULL),
(81, 123, 2, 'B', NULL),
(82, 67, 2, 'B', 1),
(83, 68, 2, 'B', 1),
(84, 69, 2, 'B', 1),
(85, 70, 2, 'B', 1),
(86, 132, 2, 'B', 1),
(87, 133, 2, 'B', 1),
(88, 134, 2, 'B', 1),
(89, 135, 2, 'B', 1),
(90, 136, 2, 'B', 1),
(91, 67, 2, 'B', 2),
(92, 68, 2, 'B', 2),
(93, 69, 2, 'B', 2),
(94, 70, 2, 'B', 2),
(95, 132, 2, 'B', 2),
(96, 133, 2, 'B', 2),
(97, 134, 2, 'B', 2),
(98, 135, 2, 'B', 2),
(99, 136, 2, 'B', 2),
(100, 61, 2, 'A', NULL),
(101, 62, 2, 'A', NULL),
(102, 63, 2, 'A', NULL),
(103, 64, 2, 'A', NULL),
(104, 65, 2, 'A', NULL),
(105, 66, 2, 'A', NULL),
(106, 123, 2, 'A', NULL),
(107, 67, 2, 'A', 1),
(108, 68, 2, 'A', 1),
(109, 69, 2, 'A', 1),
(110, 70, 2, 'A', 1),
(111, 132, 2, 'A', 1),
(112, 133, 2, 'A', 1),
(113, 134, 2, 'A', 1),
(114, 135, 2, 'A', 1),
(115, 136, 2, 'A', 1),
(116, 67, 2, 'A', 2),
(117, 68, 2, 'A', 2),
(118, 69, 2, 'A', 2),
(119, 70, 2, 'A', 2),
(120, 132, 2, 'A', 2),
(121, 133, 2, 'A', 2),
(122, 134, 2, 'A', 2),
(123, 135, 2, 'A', 2),
(124, 136, 2, 'A', 2),
(125, 41, 2, 'A', NULL),
(126, 42, 2, 'A', NULL),
(127, 43, 2, 'A', NULL),
(128, 44, 2, 'A', NULL),
(129, 45, 2, 'A', NULL),
(130, 46, 2, 'A', NULL),
(131, 121, 2, 'A', NULL),
(132, 47, 2, 'A', 1),
(133, 48, 2, 'A', 1),
(134, 49, 2, 'A', 1),
(135, 50, 2, 'A', 1),
(136, 47, 2, 'A', 2),
(137, 48, 2, 'A', 2),
(138, 49, 2, 'A', 2),
(139, 50, 2, 'A', 2),
(140, 21, 2, 'A', NULL),
(141, 22, 2, 'A', NULL),
(142, 23, 2, 'A', NULL),
(143, 24, 2, 'A', NULL),
(144, 25, 2, 'A', NULL),
(145, 26, 2, 'A', NULL),
(146, 119, 2, 'A', NULL),
(147, 27, 2, 'A', 1),
(148, 28, 2, 'A', 1),
(149, 29, 2, 'A', 1),
(150, 30, 2, 'A', 1),
(151, 127, 2, 'A', 1),
(152, 128, 2, 'A', 1),
(153, 129, 2, 'A', 1),
(154, 130, 2, 'A', 1),
(155, 131, 2, 'A', 1),
(156, 27, 2, 'A', 2),
(157, 28, 2, 'A', 2),
(158, 29, 2, 'A', 2),
(159, 30, 2, 'A', 2),
(160, 127, 2, 'A', 2),
(161, 128, 2, 'A', 2),
(162, 129, 2, 'A', 2),
(163, 130, 2, 'A', 2),
(164, 131, 2, 'A', 2),
(165, 61, 7, 'A', NULL),
(166, 62, 25, 'A', NULL),
(167, 63, 18, 'A', NULL),
(168, 64, 21, 'A', NULL),
(169, 65, 10, 'A', NULL),
(170, 66, 23, 'A', NULL),
(171, 123, 3, 'A', NULL),
(172, 67, 7, 'A', 1),
(173, 68, 21, 'A', 1),
(174, 69, 10, 'A', 1),
(175, 70, 24, 'A', 1),
(176, 132, 27, 'A', 1),
(177, 133, 21, 'A', 1),
(178, 134, 7, 'A', 1),
(179, 135, 25, 'A', 1),
(180, 136, 10, 'A', 1),
(181, 67, 7, 'A', 2),
(182, 68, 21, 'A', 2),
(183, 69, 10, 'A', 2),
(184, 70, 24, 'A', 2),
(185, 132, 23, 'A', 2),
(186, 133, 21, 'A', 2),
(187, 134, 7, 'A', 2),
(188, 135, 25, 'A', 2),
(189, 136, 10, 'A', 2),
(190, 61, 7, 'B', NULL),
(191, 62, 25, 'B', NULL),
(192, 63, 18, 'B', NULL),
(193, 64, 21, 'B', NULL),
(194, 65, 10, 'B', NULL),
(195, 66, 27, 'B', NULL),
(196, 123, 3, 'B', NULL),
(197, 67, 7, 'B', 1),
(198, 68, 21, 'B', 1),
(199, 69, 10, 'B', 1),
(200, 70, 24, 'B', 1),
(201, 132, 27, 'B', 1),
(202, 133, 21, 'B', 1),
(203, 134, 7, 'B', 1),
(204, 135, 25, 'B', 1),
(205, 136, 10, 'B', 1),
(206, 67, 7, 'B', 2),
(207, 68, 21, 'B', 2),
(208, 69, 10, 'B', 2),
(209, 70, 24, 'B', 2),
(210, 132, 27, 'B', 2),
(211, 133, 21, 'B', 2),
(212, 134, 7, 'B', 2),
(213, 135, 25, 'B', 2),
(214, 136, 10, 'B', 2),
(215, 21, 6, 'A', NULL),
(216, 22, 28, 'A', NULL),
(217, 23, 14, 'A', NULL),
(218, 24, 24, 'A', NULL),
(219, 25, 16, 'A', NULL),
(220, 26, 13, 'A', NULL),
(221, 119, 11, 'A', NULL),
(222, 27, 7, 'A', 1),
(223, 28, 15, 'A', 1),
(224, 29, 19, 'A', 1),
(225, 30, 16, 'A', 1),
(226, 127, 21, 'A', 1),
(227, 128, 19, 'A', 1),
(228, 129, 19, 'A', 1),
(229, 130, 19, 'A', 1),
(230, 131, 19, 'A', 1),
(231, 27, 19, 'A', 2),
(232, 28, 19, 'A', 2),
(233, 29, 19, 'A', 2),
(234, 30, 19, 'A', 2),
(235, 127, 19, 'A', 2),
(236, 128, 19, 'A', 2),
(237, 129, 19, 'A', 2),
(238, 130, 19, 'A', 2),
(239, 131, 19, 'A', 2),
(240, 41, 19, 'A', NULL),
(241, 42, 19, 'A', NULL),
(242, 43, 19, 'A', NULL),
(243, 44, 19, 'A', NULL),
(244, 45, 19, 'A', NULL),
(245, 46, 19, 'A', NULL),
(246, 121, 19, 'A', NULL),
(247, 47, 19, 'A', 1),
(248, 48, 19, 'A', 1),
(249, 49, 19, 'A', 1),
(250, 50, 19, 'A', 1),
(251, 47, 19, 'A', 2),
(252, 48, 19, 'A', 2),
(253, 49, 19, 'A', 2),
(254, 50, 19, 'A', 2);

-- --------------------------------------------------------

--
-- Table structure for table `user_master`
--

CREATE TABLE `user_master` (
  `user_id` int(4) NOT NULL,
  `login_name` varchar(30) NOT NULL,
  `password` varchar(100) NOT NULL,
  `user_type` varchar(50) NOT NULL,
  `security_question` int(1) NOT NULL,
  `name` varchar(100) NOT NULL,
  `profession` varchar(100) NOT NULL,
  `validate` int(1) NOT NULL,
  `email` varchar(50) NOT NULL,
  `contact` varchar(10) NOT NULL,
  `sec_ans` varchar(50) NOT NULL,
  `whether_locked` int(11) NOT NULL DEFAULT '0',
  `image_path` varchar(500) NOT NULL
) ENGINE=InnoDB DEFAULT CHARSET=latin1;

--
-- Dumping data for table `user_master`
--

INSERT INTO `user_master` (`user_id`, `login_name`, `password`, `user_type`, `security_question`, `name`, `profession`, `validate`, `email`, `contact`, `sec_ans`, `whether_locked`, `image_path`) VALUES
(1, 'kksinha', 'kksinha', 'admin', 3, 'Prof.Kaushal Kumar Sinha', '', 1, 'xyz', 'xyz', 'xyz', 0, '1.jpg'),
(5, 'anarayan', 'bitd123', 'faculty', 0, 'Dr.Ashutosh Narayan', '', 0, '', '', '', 0, 'alt.jpg'),
(6, 'mdpandey', 'bitd123', 'faculty', 0, 'Dr.M.D.Pandey', '', 0, '', '', '', 0, 'alt.jpg'),
(7, 'sdmishra', 'bitd123', 'faculty', 0, 'Prof. S.D. Mishra', '', 0, '', '', '', 0, 'alt.jpg'),
(8, 'arawal', 'bitd123', 'faculty', 0, 'Dr. Arpana Rawal', '', 0, '', '', '', 0, 'alt.jpg'),
(10, 'marya', 'bitd123', 'faculty', 0, 'Prof. Monika Arya', '', 0, '', '', '', 0, 'alt.jpg'),
(11, 'ssingh', 'bitd123', 'faculty', 0, 'Prof. Saurabh Singh', '', 0, '', '', '', 0, 'alt.jpg'),
(12, 'rkumar', 'bitd123', 'faculty', 0, 'Dr. Ramesh Kumar', '', 0, '', '', '', 0, 'alt.jpg'),
(13, 'ssar', 'dinudinesh', 'faculty', 0, 'Prof. Sumit Sar', '', 0, '', '', '', 0, 'alt.jpg'),
(14, 'kprasad', 'bitd123', 'faculty', 0, 'Prof. Kauleshwar Prasad', '', 0, '', '', '', 0, 'alt.jpg'),
(15, 'dkbhawnani', 'dinudinesh', 'faculty', 1, 'Prof. Dinesh Kumar Bhawnani', 'assistant professor', 1, 'aayush_verma1996@yahoo.com', 'xyz', 'sankara vidyalaya', 0, '12.jpg'),
(16, 'proy', 'bitd123', 'faculty', 0, 'Prof. Partha Roy', '', 0, '', '', '', 0, 'alt.jpg'),
(17, 'mvpadmavati', 'bitd123', 'faculty', 0, 'Dr. M.V. Padmavati', '', 0, '', '', '', 0, 'alt.jpg'),
(18, 'akbehera', 'bitd123', 'faculty', 1, 'Prof.A.K.Behera', 'professor', 1, 'xyz', 'xyz', 'xyz', 0, '15.jpg'),
(19, 'ashekhar', 'bitd123', 'faculty', 0, 'Dr. Anjana Shekhar', '', 0, '', '', '', 0, 'alt.jpg'),
(20, 's sarkar', 'bitd123', 'faculty', 0, 'Prof. Swapana Sarkar', '', 0, '', '', '', 0, 'alt.jpg'),
(21, 'cchoudhary', 'swapnil18', 'faculty', 3, 'Prof. Chaitali Choudhary', '', 0, '', '', '', 0, 'alt.jpg'),
(22, 'sde', 'bitd123', 'faculty', 0, 'Prof. Shankha De', '', 0, '', '', '', 0, 'alt.jpg'),
(23, 'dpmishra', 'bitd123', 'faculty', 0, 'Prof. D.P. Mishra', '', 0, '', '', '', 0, 'alt.jpg'),
(24, '202sudip@gmail.com', 'bitd123', 'faculty', 0, 'Prof. Sudip Bhattacharya', '', 0, '', '', '', 0, 'alt.jpg'),
(25, 'ppatnaik', 'bitd123', 'faculty', 0, 'prof. Pawan Patnaik', '', 0, '', '', '', 0, 'alt.jpg'),
(27, 'vivekp', 'bitd123', 'faculty', 0, 'Prof. Vivek Parghania ', '', 0, '', '', '', 0, 'alt.jpg'),
(28, 'tusha', 'bitd123', 'faculty', 0, 'Prof T. usha', '', 0, '', '', '', 0, 'alt.jpg'),
(29, 'knmishra', 'bitd123', 'faculty', 0, 'Dr. K.N. Mishra', '', 0, '', '', '', 0, 'alt.jpg'),
(30, 'nsingh', 'bitd123', 'faculty', 0, 'Prof. Nirmal Singh', '', 0, '', '', '', 0, 'alt.jpg'),
(32, 'mverma', 'bitd123', 'faculty', 0, 'Prof. Monika Verma', '', 0, '', '', '', 0, ''),
(33, '10145', 'kpurnima', 'faculty', 2, 'kaushal', 'professor', 1, 'kaushal.sinha16@gmail.com', '9993733539', 'sharda', 0, '6.jpg');

--
-- Indexes for dumped tables
--

--
-- Indexes for table `month_master`
--
ALTER TABLE `month_master`
  ADD PRIMARY KEY (`month_id`);

--
-- Indexes for table `semester_master`
--
ALTER TABLE `semester_master`
  ADD PRIMARY KEY (`sem_id`);

--
-- Indexes for table `student_master`
--
ALTER TABLE `student_master`
  ADD PRIMARY KEY (`student_id`);

--
-- Indexes for table `student_master1`
--
ALTER TABLE `student_master1`
  ADD PRIMARY KEY (`student_id`);

--
-- Indexes for table `subject_master`
--
ALTER TABLE `subject_master`
  ADD PRIMARY KEY (`subject_id`);

--
-- Indexes for table `teacher_subject_relation`
--
ALTER TABLE `teacher_subject_relation`
  ADD PRIMARY KEY (`tsrelation_id`);

--
-- Indexes for table `user_master`
--
ALTER TABLE `user_master`
  ADD PRIMARY KEY (`user_id`);

--
-- AUTO_INCREMENT for dumped tables
--

--
-- AUTO_INCREMENT for table `month_master`
--
ALTER TABLE `month_master`
  MODIFY `month_id` int(11) NOT NULL AUTO_INCREMENT, AUTO_INCREMENT=14;
--
-- AUTO_INCREMENT for table `semester_master`
--
ALTER TABLE `semester_master`
  MODIFY `sem_id` int(11) NOT NULL AUTO_INCREMENT, AUTO_INCREMENT=7;
--
-- AUTO_INCREMENT for table `student_master`
--
ALTER TABLE `student_master`
  MODIFY `student_id` int(8) NOT NULL AUTO_INCREMENT, AUTO_INCREMENT=431;
--
-- AUTO_INCREMENT for table `student_master1`
--
ALTER TABLE `student_master1`
  MODIFY `student_id` int(8) NOT NULL AUTO_INCREMENT, AUTO_INCREMENT=433;
--
-- AUTO_INCREMENT for table `subject_master`
--
ALTER TABLE `subject_master`
  MODIFY `subject_id` int(11) NOT NULL AUTO_INCREMENT, AUTO_INCREMENT=137;
--
-- AUTO_INCREMENT for table `teacher_subject_relation`
--
ALTER TABLE `teacher_subject_relation`
  MODIFY `tsrelation_id` int(11) NOT NULL AUTO_INCREMENT, AUTO_INCREMENT=255;
--
-- AUTO_INCREMENT for table `user_master`
--
ALTER TABLE `user_master`
  MODIFY `user_id` int(4) NOT NULL AUTO_INCREMENT, AUTO_INCREMENT=34;
/*!40101 SET CHARACTER_SET_CLIENT=@OLD_CHARACTER_SET_CLIENT */;
/*!40101 SET CHARACTER_SET_RESULTS=@OLD_CHARACTER_SET_RESULTS */;
/*!40101 SET COLLATION_CONNECTION=@OLD_COLLATION_CONNECTION */;
